name,team,battingStyle,bowlingStyle,playingRole,image,description
Gulbadin Naib,Afghanistan,Right hand Bat,Right arm Medium fast,Batting Allrounder,https://wassets.hscicdn.com/static/images/lazyimage-transparent.png,
Rahmanullah Gurbaz,Afghanistan,Right hand Bat,,Wicketkeeper Batter,https://wassets.hscicdn.com/static/images/lazyimage-transparent.png,
Najibullah Zadran,Afghanistan,Left hand Bat,Right arm Offbreak,Middle order Batter,https://wassets.hscicdn.com/static/images/lazyimage-transparent.png,
Usman Ghani,Afghanistan,Right hand Bat,,Opening Batter,https://wassets.hscicdn.com/static/images/lazyimage-transparent.png,
Ibrahim Zadran,Afghanistan,Right hand Bat,Right arm Medium fast,Opening Batter,https://wassets.hscicdn.com/static/images/lazyimage-transparent.png,
Darwish Rasooli,Afghanistan,Right hand Bat,Right arm Offbreak,Top order Batter,https://wassets.hscicdn.com/static/images/lazyimage-transparent.png,
Hazratullah Zazai,Afghanistan,Left hand Bat,Slow Left arm Orthodox,Opening Batter,https://wassets.hscicdn.com/static/images/lazyimage-transparent.png,
Mohammad Nabi,Afghanistan,Right hand Bat,Right arm Offbreak,Allrounder,https://wassets.hscicdn.com/static/images/lazyimage-transparent.png,
Rashid Khan Arman,Afghanistan,Right hand Bat,Legbreak Googly,Bowling Allrounder,https://wassets.hscicdn.com/static/images/lazyimage-transparent.png,
Fareed Ahmad Malik,Afghanistan,Left hand Bat,Left arm Fast medium,Bowler,https://wassets.hscicdn.com/static/images/lazyimage-transparent.png,
Fazalhaq Farooqi,Afghanistan,Right hand Bat,Left arm Fast medium,Bowler,https://wassets.hscicdn.com/static/images/lazyimage-transparent.png,
Mohammad Saleem Safi,Afghanistan,Right hand Bat,Right arm Fast,Bowler,https://wassets.hscicdn.com/static/images/lazyimage-transparent.png,
Qais Ahmad Kamawal,Afghanistan,Right hand Bat,Legbreak,Bowler,https://wassets.hscicdn.com/static/images/lazyimage-transparent.png,
Azmatullah Omarzai,Afghanistan,Right hand Bat,Right arm Medium fast,Allrounder,https://wassets.hscicdn.com/static/images/lazyimage-transparent.png,
Mujeeb Ur Rahman,Afghanistan,Right hand Bat,Right arm Offbreak,Bowler,https://wassets.hscicdn.com/static/images/lazyimage-transparent.png,
Naveen-ul-Haq Murid,Afghanistan,Right hand Bat,Right arm Medium fast,Bowler,https://wassets.hscicdn.com/static/images/lazyimage-transparent.png,
Kane William Richardson,Australia,Right hand Bat,Right arm Fast medium,Bowler,https://wassets.hscicdn.com/static/images/lazyimage-transparent.png,
Patrick James Cummins,Australia,Right hand Bat,Right arm Fast,Bowler,https://wassets.hscicdn.com/static/images/lazyimage-transparent.png,
Ashton Charles Agar,Australia,Left hand Bat,Slow Left arm Orthodox,Bowler,https://wassets.hscicdn.com/static/images/lazyimage-transparent.png,
Timothy Hays David,Australia,Right hand Bat,Right arm Offbreak,Middle order Batter,https://wassets.hscicdn.com/static/images/lazyimage-transparent.png,
Matthew Scott Wade,Australia,Left hand Bat,Right arm Medium,Wicketkeeper Batter,https://wassets.hscicdn.com/static/images/lazyimage-transparent.png,
Aaron James Finch,Australia,Right hand Bat,Slow Left arm Orthodox,Top order Batter,https://wassets.hscicdn.com/static/images/lazyimage-transparent.png,
Joshua Patrick Inglis,Australia,Right hand Bat,,Wicketkeeper Batter,https://wassets.hscicdn.com/static/images/lazyimage-transparent.png,
Cameron Donald Green,Australia,Right hand Bat,Right arm Fast medium,Batting Allrounder,https://wassets.hscicdn.com/static/images/lazyimage-transparent.png,
Josh Reginald Hazlewood,Australia,Left hand Bat,Right arm Fast medium,Bowler,https://wassets.hscicdn.com/static/images/lazyimage-transparent.png,
Mitchell Ross Marsh,Australia,Right hand Bat,Right arm Medium,Allrounder,https://wassets.hscicdn.com/static/images/lazyimage-transparent.png,
Steven Peter Devereux Smith,Australia,Right hand Bat,Legbreak Googly,Top order Batter,https://wassets.hscicdn.com/static/images/lazyimage-transparent.png,
Glenn James Maxwell,Australia,Right hand Bat,Right arm Offbreak,Batting Allrounder,https://wassets.hscicdn.com/static/images/lazyimage-transparent.png,
David Andrew Warner,Australia,Left hand Bat,Legbreak,Opening Batter,https://wassets.hscicdn.com/static/images/lazyimage-transparent.png,
Marcus Peter Stoinis,Australia,Right hand Bat,Right arm Medium,Batting Allrounder,https://wassets.hscicdn.com/static/images/lazyimage-transparent.png,
Adam Zampa,Australia,Right hand Bat,Legbreak Googly,Bowler,https://wassets.hscicdn.com/static/images/lazyimage-transparent.png,
Mitchell Aaron Starc,Australia,Left hand Bat,Left arm Fast,Bowler,https://wassets.hscicdn.com/static/images/lazyimage-transparent.png,
Shakib Al Hasan,Bangladesh,Left hand Bat,Slow Left arm Orthodox,Allrounder,https://wassets.hscicdn.com/static/images/lazyimage-transparent.png,
Mosaddek Hossain Saikat,Bangladesh,Right hand Bat,Right arm Offbreak,Middle order Batter,https://wassets.hscicdn.com/static/images/lazyimage-transparent.png,
Mehidy Hasan Miraz,Bangladesh,Right hand Bat,Right arm Offbreak,Allrounder,https://wassets.hscicdn.com/static/images/lazyimage-transparent.png,
Afif Hossain Dhrubo,Bangladesh,Left hand Bat,Right arm Offbreak,Allrounder,https://wassets.hscicdn.com/static/images/lazyimage-transparent.png,
Quazi Nurul Hasan,Bangladesh,Right hand Bat,,Wicketkeeper Batter,https://wassets.hscicdn.com/static/images/lazyimage-transparent.png,
Yasir Ali Chowdhury,Bangladesh,Right hand Bat,Right arm Offbreak,Middle order Batter,https://wassets.hscicdn.com/static/images/lazyimage-transparent.png,
Hasan Mahmud,Bangladesh,Right hand Bat,Right arm Fast medium,Bowler,https://wassets.hscicdn.com/static/images/lazyimage-transparent.png,
Soumya Sarkar,Bangladesh,Left hand Bat,Right arm Medium fast,Batting Allrounder,https://wassets.hscicdn.com/static/images/lazyimage-transparent.png,
Nasum Ahmed,Bangladesh,Left hand Bat,Slow Left arm Orthodox,Bowler,https://wassets.hscicdn.com/static/images/lazyimage-transparent.png,
Taskin Ahmed,Bangladesh,Left hand Bat,Right arm Fast,Bowler,https://wassets.hscicdn.com/static/images/lazyimage-transparent.png,
Mustafizur Rahman,Bangladesh,Left hand Bat,Left arm Fast medium,Bowler,https://wassets.hscicdn.com/static/images/lazyimage-transparent.png,
Ebadot Hossain Chowdhury,Bangladesh,Right hand Bat,Right arm Fast medium,Bowler,https://wassets.hscicdn.com/static/images/lazyimage-transparent.png,
Mohammad Shoriful Islam,Bangladesh,Left hand Bat,Left arm Fast medium,Bowler,https://wassets.hscicdn.com/static/images/lazyimage-transparent.png,
Litton Kumer Das,Bangladesh,Right hand Bat,Right arm Offbreak,Wicketkeeper Batter,https://wassets.hscicdn.com/static/images/lazyimage-transparent.png,
Najmul Hossain Shanto,Bangladesh,Left hand Bat,Right arm Offbreak,Top order Batter,https://wassets.hscicdn.com/static/images/lazyimage-transparent.png,
Harry Cherrington Brook,England,Right hand Bat,Right arm Medium,Batter,https://wassets.hscicdn.com/static/images/lazyimage-transparent.png,
Joseph Charles Buttler,England,Right hand Bat,,Wicketkeeper Batter,https://wassets.hscicdn.com/static/images/lazyimage-transparent.png,
Reece James William Topley,England,Right hand Bat,Left arm Fast medium,Bowler,https://wassets.hscicdn.com/static/images/lazyimage-transparent.png,
Jonathan Marc Bairstow,England,Right hand Bat,Right arm Medium,Wicketkeeper Batter,https://wassets.hscicdn.com/static/images/lazyimage-transparent.png,
Mark Andrew Wood,England,Right hand Bat,Right arm Fast,Bowler,https://wassets.hscicdn.com/static/images/lazyimage-transparent.png,
Alexander Daniel Hales,England,Right hand Bat,Right arm Medium,Opening Batter,https://wassets.hscicdn.com/static/images/lazyimage-transparent.png,
Dawid Johannes Malan,England,Left hand Bat,Legbreak,Top order Batter,https://wassets.hscicdn.com/static/images/lazyimage-transparent.png,
Liam Stephen Livingstone,England,Right hand Bat,"Right arm Offbreak, Legbreak",Batting Allrounder,https://wassets.hscicdn.com/static/images/lazyimage-transparent.png,
Christopher Roger Woakes,England,Right hand Bat,Right arm Fast medium,Allrounder,https://wassets.hscicdn.com/static/images/lazyimage-transparent.png,
Samuel Matthew Curran,England,Left hand Bat,Left arm Medium fast,Allrounder,https://wassets.hscicdn.com/static/images/lazyimage-transparent.png,
Philip Dean Salt,England,Right hand Bat,Right arm Offbreak,Wicketkeeper Batter,https://wassets.hscicdn.com/static/images/lazyimage-transparent.png,
Tymal Solomon Mills,England,Right hand Bat,Left arm Fast,Bowler,https://wassets.hscicdn.com/static/images/lazyimage-transparent.png,
Moeen Munir Ali,England,Left hand Bat,Right arm Offbreak,Batting Allrounder,https://wassets.hscicdn.com/static/images/lazyimage-transparent.png,
Benjamin Andrew Stokes,England,Left hand Bat,Right arm Fast medium,Allrounder,https://wassets.hscicdn.com/static/images/lazyimage-transparent.png,
Adil Usman Rashid,England,Right hand Bat,Legbreak,Bowler,https://wassets.hscicdn.com/static/images/lazyimage-transparent.png,
David Jonathan Willey,England,Left hand Bat,Left arm Fast medium,Bowling Allrounder,https://wassets.hscicdn.com/static/images/lazyimage-transparent.png,
Christopher James Jordan,England,Right hand Bat,Right arm Fast medium,Bowler,https://wassets.hscicdn.com/static/images/lazyimage-transparent.png,
Hardik Himanshu Pandya,India,Right hand Bat,Right arm Medium fast,Allrounder,https://wassets.hscicdn.com/static/images/lazyimage-transparent.png,
Ravichandran Ashwin,India,Right hand Bat,Right arm Offbreak,Bowling Allrounder,https://wassets.hscicdn.com/static/images/lazyimage-transparent.png,
Krishnakumar Dinesh Karthik,India,Right hand Bat,Right arm Offbreak,Wicketkeeper Batter,https://wassets.hscicdn.com/static/images/lazyimage-transparent.png,
Kannaur Lokesh Rahul,India,Right hand Bat,,Wicketkeeper Batter,https://wassets.hscicdn.com/static/images/lazyimage-transparent.png,
Rishabh Rajendra Pant,India,Left hand Bat,,Wicketkeeper Batter,https://wassets.hscicdn.com/static/images/lazyimage-transparent.png,
Rohit Gurunath Sharma,India,Right hand Bat,Right arm Offbreak,Top order Batter,https://wassets.hscicdn.com/static/images/lazyimage-transparent.png,
Yuzvendra Singh Chahal,India,Right hand Bat,Legbreak Googly,Bowler,https://wassets.hscicdn.com/static/images/lazyimage-transparent.png,
Arshdeep Singh,India,Left hand Bat,Left arm Medium fast,Bowler,https://wassets.hscicdn.com/static/images/lazyimage-transparent.png,
Harshal Vikram Patel,India,Right hand Bat,Right arm Medium,Bowler,https://wassets.hscicdn.com/static/images/lazyimage-transparent.png,
Deepak Jagbir Hooda,India,Right hand Bat,Right arm Offbreak,Allrounder,https://wassets.hscicdn.com/static/images/lazyimage-transparent.png,
Bhuvneshwar Kumar Singh,India,Right hand Bat,Right arm Medium,Bowler,https://wassets.hscicdn.com/static/images/lazyimage-transparent.png,
Axar Rajeshbhai Patel,India,Left hand Bat,Slow Left arm Orthodox,Allrounder,https://wassets.hscicdn.com/static/images/lazyimage-transparent.png,
Mohammed Shami Ahmed,India,Right hand Bat,Right arm Fast,Bowler,https://wassets.hscicdn.com/static/images/lazyimage-transparent.png,
Jasprit Jasbirsingh Bumrah,India,Right hand Bat,Right arm Fast,Bowler,https://wassets.hscicdn.com/static/images/lazyimage-transparent.png,
Suryakumar Ashok Yadav,India,Right hand Bat,"Right arm Medium, Right arm Offbreak",Batter,https://wassets.hscicdn.com/static/images/lazyimage-transparent.png,
Virat Kohli,India,Right hand Bat,Right arm Medium,Top order Batter,https://wassets.hscicdn.com/static/images/lazyimage-transparent.png,
Lorcan John Tucker,Ireland,Right hand Bat,,Wicketkeeper Batter,https://wassets.hscicdn.com/static/images/lazyimage-transparent.png,
Stephen Thomas Doheny,Ireland,Right hand Bat,,Opening Batter,https://wassets.hscicdn.com/static/images/lazyimage-transparent.png,
Fionn Philip Hand,Ireland,Right hand Bat,Right arm Medium,Bowling Allrounder,https://wassets.hscicdn.com/static/images/lazyimage-transparent.png,
Conor Olphert,Ireland,Right hand Bat,Right arm Medium,Bowler,https://wassets.hscicdn.com/static/images/lazyimage-transparent.png,
Harry Tom Tector,Ireland,Right hand Bat,Right arm Offbreak,Middle order Batter,https://wassets.hscicdn.com/static/images/lazyimage-transparent.png,
Graham Ian Hume,Ireland,Left hand Bat,Right arm Fast medium,Bowler,https://wassets.hscicdn.com/static/images/lazyimage-transparent.png,
Curtis Campher,Ireland,Right hand Bat,Right arm Medium fast,Allrounder,https://wassets.hscicdn.com/static/images/lazyimage-transparent.png,
Andrew Balbirnie,Ireland,Right hand Bat,Right arm Offbreak,Batter,https://wassets.hscicdn.com/static/images/lazyimage-transparent.png,
Paul Robert Stirling,Ireland,Right hand Bat,Right arm Offbreak,Batting Allrounder,https://wassets.hscicdn.com/static/images/lazyimage-transparent.png,
Barry John McCarthy,Ireland,Right hand Bat,Right arm Fast medium,Bowler,https://wassets.hscicdn.com/static/images/lazyimage-transparent.png,
Gareth James Delany,Ireland,Right hand Bat,Legbreak Googly,Batting Allrounder,https://wassets.hscicdn.com/static/images/lazyimage-transparent.png,
George Henry Dockrell,Ireland,Right hand Bat,Slow Left arm Orthodox,Allrounder,https://wassets.hscicdn.com/static/images/lazyimage-transparent.png,
Craig Alexander Young,Ireland,Right hand Bat,Right arm Fast medium,Bowler,https://wassets.hscicdn.com/static/images/lazyimage-transparent.png,
Simi Singh,Ireland,Right hand Bat,"Right arm Offbreak, Legbreak Googly",Bowling Allrounder,https://wassets.hscicdn.com/static/images/lazyimage-transparent.png,
Joshua Brian Little,Ireland,Right hand Bat,Left arm Fast medium,Bowler,https://wassets.hscicdn.com/static/images/lazyimage-transparent.png,
Mark Richard Adair,Ireland,Right hand Bat,Right arm Fast medium,Bowling Allrounder,https://wassets.hscicdn.com/static/images/lazyimage-transparent.png,
Helao Nafidi Ya France,Namibia,Right hand Bat,Right arm Offbreak,Middle order Batter,https://wassets.hscicdn.com/static/images/lazyimage-transparent.png,
Divan la Cock,Namibia,Right hand Bat,Legbreak,Opening Batter,https://wassets.hscicdn.com/static/images/lazyimage-transparent.png,
Zane Edward Green,Namibia,Left hand Bat,,Wicketkeeper Batter,https://wassets.hscicdn.com/static/images/lazyimage-transparent.png,
Ben Shikongo,Namibia,Right hand Bat,Right arm Medium fast,Bowler,https://wassets.hscicdn.com/static/images/lazyimage-transparent.png,
Michael van Lingen,Namibia,Left hand Bat,"Left arm Medium, Slow Left arm Orthodox",Bowling Allrounder,https://wassets.hscicdn.com/static/images/lazyimage-transparent.png,
Johannes Jonathan Smit,Namibia,Right hand Bat,Left arm Medium fast,Bowling Allrounder,https://wassets.hscicdn.com/static/images/lazyimage-transparent.png,
Ruben Trumpelmann,Namibia,Right hand Bat,Left arm Fast,Bowler,https://wassets.hscicdn.com/static/images/lazyimage-transparent.png,
David Wiese,Namibia,Right hand Bat,Right arm Medium fast,Allrounder,https://wassets.hscicdn.com/static/images/lazyimage-transparent.png,
Merwe Gerhard Erasmus,Namibia,Right hand Bat,Right arm Offbreak,Allrounder,https://wassets.hscicdn.com/static/images/lazyimage-transparent.png,
Jan Nicol Loftie-Eaton,Namibia,Left hand Bat,"Right arm Medium, Legbreak",Batting Allrounder,https://wassets.hscicdn.com/static/images/lazyimage-transparent.png,
Lo-handre Louwrens,Namibia,Right hand Bat,,Wicketkeeper Batter,https://wassets.hscicdn.com/static/images/lazyimage-transparent.png,
Bernard Martinus Scholtz,Namibia,Right hand Bat,Slow Left arm Orthodox,Bowler,https://wassets.hscicdn.com/static/images/lazyimage-transparent.png,
Stephan Julian Baard,Namibia,Right hand Bat,Right arm Medium fast,Batter,https://wassets.hscicdn.com/static/images/lazyimage-transparent.png,
Jan Nicolaas Frylinck,Namibia,Left hand Bat,Left arm Fast medium,Allrounder,https://wassets.hscicdn.com/static/images/lazyimage-transparent.png,
Tangeni Lungameni,Namibia,Right hand Bat,Left arm Medium,Bowler,https://wassets.hscicdn.com/static/images/lazyimage-transparent.png,
Karl Johan Birkenstock,Namibia,Left hand Bat,Right arm Fast medium,Middle order Batter,https://wassets.hscicdn.com/static/images/lazyimage-transparent.png,
Timothy James Gerard Pringle,Netherlands,Right hand Bat,Slow Left arm Orthodox,Allrounder,https://wassets.hscicdn.com/static/images/lazyimage-transparent.png,
Frederick Jack Klaassen,Netherlands,Right hand Bat,Left arm Fast medium,Bowler,https://wassets.hscicdn.com/static/images/lazyimage-transparent.png,
Colin Niel Ackermann,Netherlands,Right hand Bat,Right arm Offbreak,Batting Allrounder,https://wassets.hscicdn.com/static/images/lazyimage-transparent.png,
Vikramjit Singh,Netherlands,Left hand Bat,Right arm Medium,Opening Batter,https://wassets.hscicdn.com/static/images/lazyimage-transparent.png,
Stephanus Johannes Myburgh,Netherlands,Left hand Bat,Right arm Offbreak,Opening Batter,https://wassets.hscicdn.com/static/images/lazyimage-transparent.png,
Roelof Erasmus van der Merwe,Netherlands,Right hand Bat,Slow Left arm Orthodox,Bowling Allrounder,https://wassets.hscicdn.com/static/images/lazyimage-transparent.png,
Maxwell Patrick O'Dowd,Netherlands,Right hand Bat,Right arm Offbreak,Opening Batter,https://wassets.hscicdn.com/static/images/lazyimage-transparent.png,
Scott Andrew Edwards,Netherlands,Right hand Bat,,Wicketkeeper Batter,https://wassets.hscicdn.com/static/images/lazyimage-transparent.png,
Bas de Leede,Netherlands,Right hand Bat,Right arm Fast medium,Batting Allrounder,https://wassets.hscicdn.com/static/images/lazyimage-transparent.png,
Shariz Ahmad,Netherlands,Left hand Bat,Legbreak Googly,Bowler,https://wassets.hscicdn.com/static/images/lazyimage-transparent.png,
Logan Verjus van Beek,Netherlands,Right hand Bat,Right arm Medium fast,Bowler,https://wassets.hscicdn.com/static/images/lazyimage-transparent.png,
Anil Teja Nidamanuru,Netherlands,Right hand Bat,Right arm Offbreak,Allrounder,https://wassets.hscicdn.com/static/images/lazyimage-transparent.png,
Timm van der Gugten,Netherlands,Right hand Bat,Right arm Fast medium,Bowler,https://wassets.hscicdn.com/static/images/lazyimage-transparent.png,
Tom Lexley William Cooper,Netherlands,Right hand Bat,Right arm Offbreak,Middle order Batter,https://wassets.hscicdn.com/static/images/lazyimage-transparent.png,
Paul Adriaan van Meekeren,Netherlands,Right hand Bat,Right arm Fast medium,Bowler,https://wassets.hscicdn.com/static/images/lazyimage-transparent.png,
Brandon Dale Glover,Netherlands,Right hand Bat,Right arm Fast,Bowler,https://wassets.hscicdn.com/static/images/lazyimage-transparent.png,
Inderbir Singh Sodhi,New Zealand,Right hand Bat,Legbreak,Bowler,https://wassets.hscicdn.com/static/images/lazyimage-transparent.png,
Finnley Hugh Allen,New Zealand,Right hand Bat,,Top order Batter,https://wassets.hscicdn.com/static/images/lazyimage-transparent.png,
Trent Alexander Boult,New Zealand,Right hand Bat,Left arm Fast medium,Bowler,https://wassets.hscicdn.com/static/images/lazyimage-transparent.png,
Kane Stuart Williamson,New Zealand,Right hand Bat,Right arm Offbreak,Top order Batter,https://wassets.hscicdn.com/static/images/lazyimage-transparent.png,
Devon Philip Conway,New Zealand,Left hand Bat,Right arm Medium,Wicketkeeper Batter,https://wassets.hscicdn.com/static/images/lazyimage-transparent.png,
Daryl Joseph Mitchell,New Zealand,Right hand Bat,Right arm Medium,Batting Allrounder,https://wassets.hscicdn.com/static/images/lazyimage-transparent.png,
Lachlan Hammond Ferguson,New Zealand,Right hand Bat,Right arm Fast,Bowler,https://wassets.hscicdn.com/static/images/lazyimage-transparent.png,
Adam Fraser Milne,New Zealand,Right hand Bat,Right arm Fast,Bowler,https://wassets.hscicdn.com/static/images/lazyimage-transparent.png,
Martin James Guptill,New Zealand,Right hand Bat,Right arm Offbreak,Opening Batter,https://wassets.hscicdn.com/static/images/lazyimage-transparent.png,
Timothy Grant Southee,New Zealand,Right hand Bat,Right arm Medium fast,Bowler,https://wassets.hscicdn.com/static/images/lazyimage-transparent.png,
Mitchell Josef Santner,New Zealand,Left hand Bat,Slow Left arm Orthodox,Bowling Allrounder,https://wassets.hscicdn.com/static/images/lazyimage-transparent.png,
Michael Gordon Bracewell,New Zealand,Left hand Bat,Right arm Offbreak,Batting Allrounder,https://wassets.hscicdn.com/static/images/lazyimage-transparent.png,
Mark Sinclair Chapman,New Zealand,Left hand Bat,Slow Left arm Orthodox,Allrounder,https://wassets.hscicdn.com/static/images/lazyimage-transparent.png,
Glenn Dominic Phillips,New Zealand,Right hand Bat,Right arm Offbreak,Allrounder,https://wassets.hscicdn.com/static/images/lazyimage-transparent.png,
James Douglas Sheahan Neesham,New Zealand,Left hand Bat,Right arm Medium fast,Batting Allrounder,https://wassets.hscicdn.com/static/images/lazyimage-transparent.png,
Shan Masood Khan,Pakistan,Left hand Bat,Right arm Medium fast,Opening Batter,https://wassets.hscicdn.com/static/images/lazyimage-transparent.png,
Khushdil Shah,Pakistan,Left hand Bat,Slow Left arm Orthodox,Middle order Batter,https://wassets.hscicdn.com/static/images/lazyimage-transparent.png,
Haider Ali,Pakistan,Right hand Bat,,Middle order Batter,https://wassets.hscicdn.com/static/images/lazyimage-transparent.png,
Naseem Shah,Pakistan,Right hand Bat,Right arm Fast,Bowler,https://wassets.hscicdn.com/static/images/lazyimage-transparent.png,
Mohammad Rizwan,Pakistan,Right hand Bat,Right arm Medium,Wicketkeeper Batter,https://wassets.hscicdn.com/static/images/lazyimage-transparent.png,
Mohammad Nawaz,Pakistan,Left hand Bat,Slow Left arm Orthodox,Allrounder,https://wassets.hscicdn.com/static/images/lazyimage-transparent.png,
Shadab Khan,Pakistan,Right hand Bat,Legbreak,Allrounder,https://wassets.hscicdn.com/static/images/lazyimage-transparent.png,
Mohammad Haris,Pakistan,Right hand Bat,Right arm Offbreak,Wicketkeeper Batter,https://wassets.hscicdn.com/static/images/lazyimage-transparent.png,
Asif Ali,Pakistan,Right hand Bat,Right arm Offbreak,Middle order Batter,https://wassets.hscicdn.com/static/images/lazyimage-transparent.png,
Mohammad Wasim,Pakistan,Right hand Bat,Right arm Fast medium,Bowling Allrounder,https://wassets.hscicdn.com/static/images/lazyimage-transparent.png,
Haris Rauf,Pakistan,Right hand Bat,Right arm Fast,Bowler,https://wassets.hscicdn.com/static/images/lazyimage-transparent.png,
Fakhar Zaman,Pakistan,Left hand Bat,Slow Left arm Orthodox,Opening Batter,https://wassets.hscicdn.com/static/images/lazyimage-transparent.png,
Mohammad Babar Azam,Pakistan,Right hand Bat,Right arm Offbreak,Batter,https://wassets.hscicdn.com/static/images/lazyimage-transparent.png,
Shaheen Shah Afridi,Pakistan,Left hand Bat,Left arm Fast,Bowler,https://wassets.hscicdn.com/static/images/lazyimage-transparent.png,
Iftikhar Ahmed,Pakistan,Right hand Bat,Right arm Offbreak,Middle order Batter,https://wassets.hscicdn.com/static/images/lazyimage-transparent.png,
Mohammad Hasnain,Pakistan,Right hand Bat,Right arm Fast,Bowler,https://wassets.hscicdn.com/static/images/lazyimage-transparent.png,
Matthew Henry Cross,Scotland,Right hand Bat,,Wicketkeeper Batter,https://wassets.hscicdn.com/static/images/lazyimage-transparent.png,
Joshua Henry Davey,Scotland,Right hand Bat,Right arm Medium fast,Bowler,https://wassets.hscicdn.com/static/images/lazyimage-transparent.png,
Craig Donald Wallace,Scotland,Right hand Bat,,Wicketkeeper Batter,https://wassets.hscicdn.com/static/images/lazyimage-transparent.png,
Safyaan Mohammed Sharif,Scotland,Right hand Bat,Right arm Medium fast,Bowler,https://wassets.hscicdn.com/static/images/lazyimage-transparent.png,
Michael Alexander Jones,Scotland,Right hand Bat,Right arm Offbreak,Top order Batter,https://wassets.hscicdn.com/static/images/lazyimage-transparent.png,
Michael Alexander Leask,Scotland,Right hand Bat,Right arm Offbreak,Allrounder,https://wassets.hscicdn.com/static/images/lazyimage-transparent.png,
Bradley Thomas James Wheal,Scotland,Right hand Bat,Right arm Fast medium,Bowler,https://wassets.hscicdn.com/static/images/lazyimage-transparent.png,
Mark Robert James Watt,Scotland,Left hand Bat,Slow Left arm Orthodox,Bowler,https://wassets.hscicdn.com/static/images/lazyimage-transparent.png,
Henry George Munsey,Scotland,Left hand Bat,Right arm Medium fast,Opening Batter,https://wassets.hscicdn.com/static/images/lazyimage-transparent.png,
Calum Scott MacLeod,Scotland,Right hand Bat,"Right arm Medium fast, Right arm Offbreak",Top order Batter,https://wassets.hscicdn.com/static/images/lazyimage-transparent.png,
Christopher Barclay Sole,Scotland,Right hand Bat,Right arm Fast medium,Bowler,https://wassets.hscicdn.com/static/images/lazyimage-transparent.png,
Brandon McMullen,Scotland,Right hand Bat,Right arm Medium,Batting Allrounder,https://wassets.hscicdn.com/static/images/lazyimage-transparent.png,
Richard Douglas Berrington,Scotland,Right hand Bat,Right arm Medium fast,Top order Batter,https://wassets.hscicdn.com/static/images/lazyimage-transparent.png,
Hamza Tahir,Scotland,Right hand Bat,Slow Left arm Orthodox,Bowler,https://wassets.hscicdn.com/static/images/lazyimage-transparent.png,
Christopher Nicholas Greaves,Scotland,Right hand Bat,Legbreak,Bowler,https://wassets.hscicdn.com/static/images/lazyimage-transparent.png,
Temba Bavuma,South Africa,Right hand Bat,Right arm Medium,Middle order Batter,https://wassets.hscicdn.com/static/images/lazyimage-transparent.png,
Quinton de Kock,South Africa,Left hand Bat,,Wicketkeeper Batter,https://wassets.hscicdn.com/static/images/lazyimage-transparent.png,
Keshav Athmanand Maharaj,South Africa,Right hand Bat,Slow Left arm Orthodox,Bowler,https://wassets.hscicdn.com/static/images/lazyimage-transparent.png,
Reeza Raphael Hendricks,South Africa,Right hand Bat,Right arm Offbreak,Opening Batter,https://wassets.hscicdn.com/static/images/lazyimage-transparent.png,
Kagiso Rabada,South Africa,Left hand Bat,Right arm Fast,Bowler,https://wassets.hscicdn.com/static/images/lazyimage-transparent.png,
Aiden Kyle Markram,South Africa,Right hand Bat,Right arm Offbreak,Opening Batter,https://wassets.hscicdn.com/static/images/lazyimage-transparent.png,
Heinrich Klaasen,South Africa,Right hand Bat,Right arm Offbreak,Wicketkeeper Batter,https://wassets.hscicdn.com/static/images/lazyimage-transparent.png,
Tristan Stubbs,South Africa,Right hand Bat,Right arm Offbreak,Batter,https://wassets.hscicdn.com/static/images/lazyimage-transparent.png,
David Andrew Miller,South Africa,Left hand Bat,Right arm Offbreak,Middle order Batter,https://wassets.hscicdn.com/static/images/lazyimage-transparent.png,
Rilee Roscoe Rossouw,South Africa,Left hand Bat,Right arm Offbreak,Top order Batter,https://wassets.hscicdn.com/static/images/lazyimage-transparent.png,
Dwaine Pretorius,South Africa,Right hand Bat,Right arm Medium fast,Bowling Allrounder,https://wassets.hscicdn.com/static/images/lazyimage-transparent.png,
Lungisani True-man Ngidi,South Africa,Right hand Bat,Right arm Fast medium,Bowler,https://wassets.hscicdn.com/static/images/lazyimage-transparent.png,
Wayne Dillon Parnell,South Africa,Left hand Bat,Left arm Medium fast,Bowler,https://wassets.hscicdn.com/static/images/lazyimage-transparent.png,
Tabraiz Shamsi,South Africa,Right hand Bat,Left arm Wrist spin,Bowler,https://wassets.hscicdn.com/static/images/lazyimage-transparent.png,
Anrich Arno Nortje,South Africa,Right hand Bat,Right arm Fast,Bowler,https://wassets.hscicdn.com/static/images/lazyimage-transparent.png,
Pathum Nissanka Silva,Sri Lanka,Right hand Bat,,Top order Batter,https://wassets.hscicdn.com/static/images/lazyimage-transparent.png,
Koralegedera Nadeeja Ashen Bandara,Sri Lanka,Right hand Bat,Legbreak,Middle order Batter,https://wassets.hscicdn.com/static/images/lazyimage-transparent.png,
Kariyawasam Indipalage Charith Asalanka,Sri Lanka,Left hand Bat,Right arm Offbreak,Batting Allrounder,https://wassets.hscicdn.com/static/images/lazyimage-transparent.png,
Morawakage Maheesh Theekshana,Sri Lanka,Right hand Bat,Right arm Offbreak,Bowler,https://wassets.hscicdn.com/static/images/lazyimage-transparent.png,
Jeffrey Dexter Francis Vandersay,Sri Lanka,Right hand Bat,Legbreak,Bowler,https://wassets.hscicdn.com/static/images/lazyimage-transparent.png,
Chandradasa Brahammana Ralalage Lahiru Sudesh Kumara,Sri Lanka,Left hand Bat,Right arm Fast,Bowler,https://wassets.hscicdn.com/static/images/lazyimage-transparent.png,
Pathira Vasan Dushmantha Chameera,Sri Lanka,Right hand Bat,Right arm Fast,Bowler,https://wassets.hscicdn.com/static/images/lazyimage-transparent.png,
Lokumarakkalage Dilshan Madushanka,Sri Lanka,Right hand Bat,Left arm Fast medium,Bowler,https://wassets.hscicdn.com/static/images/lazyimage-transparent.png,
Dhananjaya Maduranga de Silva,Sri Lanka,Right hand Bat,Right arm Offbreak,Allrounder,https://wassets.hscicdn.com/static/images/lazyimage-transparent.png,
Balapuwaduge Kusal Gimhan Mendis,Sri Lanka,Right hand Bat,Legbreak,Wicketkeeper Batter,https://wassets.hscicdn.com/static/images/lazyimage-transparent.png,
Mashtayage Danushka Gunathilaka,Sri Lanka,Left hand Bat,Right arm Offbreak,Allrounder,https://wassets.hscicdn.com/static/images/lazyimage-transparent.png,
Chandrasekara Arachchilage Kasun Rajitha,Sri Lanka,Right hand Bat,Right arm Medium fast,Bowler,https://wassets.hscicdn.com/static/images/lazyimage-transparent.png,
Asitha Madusanka Fernando,Sri Lanka,Right hand Bat,Right arm Medium fast,Bowler,https://wassets.hscicdn.com/static/images/lazyimage-transparent.png,
Binura Fernando,Sri Lanka,Right hand Bat,Left arm Medium fast,Bowler,https://wassets.hscicdn.com/static/images/lazyimage-transparent.png,
Pramod Bhanuka Bandara Rajapaksa,Sri Lanka,Left hand Bat,Right arm Medium,Top order Batter,https://wassets.hscicdn.com/static/images/lazyimage-transparent.png,
Madagamagamage Dasun Shanaka,Sri Lanka,Right hand Bat,Right arm Medium,Allrounder,https://wassets.hscicdn.com/static/images/lazyimage-transparent.png,
Chamika Karunaratne,Sri Lanka,Right hand Bat,Right arm Medium fast,Bowling Allrounder,https://wassets.hscicdn.com/static/images/lazyimage-transparent.png,
Muhammad Junaid Siddique,United Arab Emirates,Right hand Bat,Right arm Medium fast,Bowler,https://wassets.hscicdn.com/static/images/lazyimage-transparent.png,
Aayan Afzal Khan,United Arab Emirates,Right hand Bat,Slow Left arm Orthodox,Bowling Allrounder,https://wassets.hscicdn.com/static/images/lazyimage-transparent.png,
Aryan Lakra,United Arab Emirates,Left hand Bat,Slow Left arm Orthodox,Bowler,https://wassets.hscicdn.com/static/images/lazyimage-transparent.png,
Chirag Suri,United Arab Emirates,Right hand Bat,"Right arm Offbreak, Legbreak Googly",Opening Batter,https://wassets.hscicdn.com/static/images/lazyimage-transparent.png,
Vriitya Aravind,United Arab Emirates XI,Right hand Bat,,Wicketkeeper Batter,https://wassets.hscicdn.com/static/images/lazyimage-transparent.png,
Kashif Daud,United Arab Emirates,Right hand Bat,Right arm Medium fast,Bowling Allrounder,https://wassets.hscicdn.com/static/images/lazyimage-transparent.png,
Karthik Palaniapan Meiyappan,United Arab Emirates,Right hand Bat,Legbreak,Bowler,https://wassets.hscicdn.com/static/images/lazyimage-transparent.png,
Zahoor Khan,United Arab Emirates,Right hand Bat,Right arm Medium fast,Bowler,https://wassets.hscicdn.com/static/images/lazyimage-transparent.png,
Zawar Farid,United Arab Emirates,Right hand Bat,Right arm Medium,Bowler,https://wassets.hscicdn.com/static/images/lazyimage-transparent.png,
Basil Hameed,United Arab Emirates,Right hand Bat,Right arm Offbreak,Middle order Batter,https://wassets.hscicdn.com/static/images/lazyimage-transparent.png,
Muhammad Waseem,United Arab Emirates,Right hand Bat,Right arm Medium,Opening Batter,https://wassets.hscicdn.com/static/images/lazyimage-transparent.png,
Sabir Ali,United Arab Emirates,Right hand Bat,Left arm Fast medium,Bowler,https://wassets.hscicdn.com/static/images/lazyimage-transparent.png,
Chundangapoyil Puthiyapurayil Rizwan,United Arab Emirates,Right hand Bat,Legbreak Googly,Middle order Batter,https://wassets.hscicdn.com/static/images/lazyimage-transparent.png,
Fahad Nawaz,United Arab Emirates,Right hand Bat,Slow Left arm Orthodox,Allrounder,https://wassets.hscicdn.com/static/images/lazyimage-transparent.png,
Ahmed Raza,United Arab Emirates,Right hand Bat,Slow Left arm Orthodox,Bowler,https://wassets.hscicdn.com/static/images/lazyimage-transparent.png,
Alishan Sharafu,United Arab Emirates,Right hand Bat,Right arm Medium,Opening Batter,https://wassets.hscicdn.com/static/images/lazyimage-transparent.png,
Alzarri Shaheim Joseph,West Indies,Right hand Bat,Right arm Fast,Bowler,https://wassets.hscicdn.com/static/images/lazyimage-transparent.png,
Nicholas Pooran,West Indies,Left hand Bat,Right arm Offbreak,Wicketkeeper Batter,https://wassets.hscicdn.com/static/images/lazyimage-transparent.png,
Sheldon Shane Cottrell,West Indies,Right hand Bat,Left arm Fast medium,Bowler,https://wassets.hscicdn.com/static/images/lazyimage-transparent.png,
Evin Lewis,West Indies,Left hand Bat,,Opening Batter,https://wassets.hscicdn.com/static/images/lazyimage-transparent.png,
Rovman Powell,West Indies,Right hand Bat,Right arm Medium fast,Middle order Batter,https://wassets.hscicdn.com/static/images/lazyimage-transparent.png,
Shamarh Shaqad Joshua Brooks,West Indies,Right hand Bat,Legbreak,Top order Batter,https://wassets.hscicdn.com/static/images/lazyimage-transparent.png,
Obed  Christopher McCoy,West Indies,Left hand Bat,Left arm Fast medium,Bowler,https://wassets.hscicdn.com/static/images/lazyimage-transparent.png,
Kyle Rico Mayers,West Indies,Left hand Bat,Right arm Medium,Batting Allrounder,https://wassets.hscicdn.com/static/images/lazyimage-transparent.png,
Raymon Anton Reifer,West Indies,Left hand Bat,Left arm Medium fast,Allrounder,https://wassets.hscicdn.com/static/images/lazyimage-transparent.png,
Jason Omar Holder,West Indies,Right hand Bat,Right arm Medium fast,Bowling Allrounder,https://wassets.hscicdn.com/static/images/lazyimage-transparent.png,
Yannic Cariah,West Indies,Left hand Bat,Legbreak,Bowler,https://wassets.hscicdn.com/static/images/lazyimage-transparent.png,
Brandon Alexander King,West Indies,Right hand Bat,,Top order Batter,https://wassets.hscicdn.com/static/images/lazyimage-transparent.png,
Akeal Jerome Hosein,West Indies,Left hand Bat,Slow Left arm Orthodox,Bowler,https://wassets.hscicdn.com/static/images/lazyimage-transparent.png,
Odean Fabian Smith,West Indies,Right hand Bat,Right arm Fast medium,Bowling Allrounder,https://wassets.hscicdn.com/static/images/lazyimage-transparent.png,
Johnson Charles,West Indies,Right hand Bat,,Wicketkeeper Batter,https://wassets.hscicdn.com/static/images/lazyimage-transparent.png,
Shimron Odilon Hetmyer,West Indies,Left hand Bat,,Middle order Batter,https://wassets.hscicdn.com/static/images/lazyimage-transparent.png,
Richard Ngarava,Zimbabwe,Left hand Bat,Left arm Fast medium,Bowler,https://wassets.hscicdn.com/static/images/lazyimage-transparent.png,
Clive Madande,Zimbabwe,Right hand Bat,,Wicketkeeper Batter,https://wassets.hscicdn.com/static/images/lazyimage-transparent.png,
Wellington Pedzisai Masakadza,Zimbabwe,Left hand Bat,Slow Left arm Orthodox,Bowler,https://wassets.hscicdn.com/static/images/lazyimage-transparent.png,
Craig Richard Ervine,Zimbabwe,Left hand Bat,Right arm Offbreak,Middle order Batter,https://wassets.hscicdn.com/static/images/lazyimage-transparent.png,
Blessing Muzarabani,Zimbabwe,Right hand Bat,Right arm Fast medium,Bowler,https://wassets.hscicdn.com/static/images/lazyimage-transparent.png,
Luke Mafuwa Jongwe,Zimbabwe,Right hand Bat,Right arm Fast medium,Allrounder,https://wassets.hscicdn.com/static/images/lazyimage-transparent.png,
Wessly Nyasha Madhevere,Zimbabwe,Right hand Bat,Right arm Offbreak,Allrounder,https://wassets.hscicdn.com/static/images/lazyimage-transparent.png,
Regis Wiriranai Chakabva,Zimbabwe,Right hand Bat,Right arm Offbreak,Wicketkeeper Batter,https://wassets.hscicdn.com/static/images/lazyimage-transparent.png,
Sikandar Raza Butt,Zimbabwe,Right hand Bat,"Right arm Offbreak, Legbreak",Batting Allrounder,https://wassets.hscicdn.com/static/images/lazyimage-transparent.png,
Tendai Larry Chatara,Zimbabwe,Right hand Bat,Right arm Fast medium,Bowler,https://wassets.hscicdn.com/static/images/lazyimage-transparent.png,
Brad Evans,Zimbabwe,Right hand Bat,Right arm Fast,Allrounder,https://wassets.hscicdn.com/static/images/lazyimage-transparent.png,
Milton Shumba,Zimbabwe,Left hand Bat,Slow Left arm Orthodox,Top order Batter,https://wassets.hscicdn.com/static/images/lazyimage-transparent.png,
Tony Tanaka Munyonga,Zimbabwe,Right hand Bat,Right arm Offbreak,Allrounder,https://wassets.hscicdn.com/static/images/lazyimage-transparent.png,
Sean Colin Williams,Zimbabwe,Left hand Bat,Slow Left arm Orthodox,Middle order Batter,https://wassets.hscicdn.com/static/images/lazyimage-transparent.png,
Ryan Ponsonby Burl,Zimbabwe,Left hand Bat,Legbreak,Allrounder,https://wassets.hscicdn.com/static/images/lazyimage-transparent.png,
