match,teamInnings,match_id,batsmanName,runs,balls,4s,6s,SR,battingPos
Afghanistan vs England,Afghanistan,T20I # 1840,Hazratullah Zazai,7,17,1,0,41.17,1
Afghanistan vs England,Afghanistan,T20I # 1840,Rahmanullah Gurbaz,10,9,0,1,111.11,2
Afghanistan vs England,Afghanistan,T20I # 1840,Ibrahim Zadran,32,32,3,1,100.00,3
Afghanistan vs England,Afghanistan,T20I # 1840,Usman Ghani,30,30,3,0,100.00,4
Afghanistan vs England,Afghanistan,T20I # 1840,Najibullah Zadran,13,11,0,1,118.18,5
Afghanistan vs England,Afghanistan,T20I # 1840,Mohammad Nabi(c),3,5,0,0,60.00,6
Afghanistan vs England,Afghanistan,T20I # 1840,Azmatullah Omarzai,8,6,1,0,133.33,7
Afghanistan vs England,Afghanistan,T20I # 1840,Rashid Khan,0,1,0,0,0.00,8
Afghanistan vs England,Afghanistan,T20I # 1840,Mujeeb Ur Rahman,0,1,0,0,0.00,9
Afghanistan vs England,Afghanistan,T20I # 1840,Fareed Ahmad,2,4,0,0,50.00,10
Afghanistan vs England,Afghanistan,T20I # 1840,Fazalhaq Farooqi,0,2,0,0,0.00,11
Afghanistan vs England,England,T20I # 1840,Jos Buttler(c),18,18,3,0,100.00,1
Afghanistan vs England,England,T20I # 1840,Alex Hales,19,20,0,1,95.00,2
Afghanistan vs England,England,T20I # 1840,Dawid Malan,18,30,0,0,60.00,3
Afghanistan vs England,England,T20I # 1840,Ben Stokes,2,4,0,0,50.00,4
Afghanistan vs England,England,T20I # 1840,Liam Livingstone,29,21,3,0,138.09,5
Afghanistan vs England,England,T20I # 1840,Harry Brook,7,6,0,0,116.66,6
Afghanistan vs England,England,T20I # 1840,Moeen Ali,8,10,0,0,80.00,7
Afghanistan vs Sri Lanka,Afghanistan,T20I # 1856,Rahmanullah Gurbaz,28,24,2,2,116.66,1
Afghanistan vs Sri Lanka,Afghanistan,T20I # 1856,Usman Ghani,27,27,2,1,100.00,2
Afghanistan vs Sri Lanka,Afghanistan,T20I # 1856,Ibrahim Zadran,22,18,1,1,122.22,3
Afghanistan vs Sri Lanka,Afghanistan,T20I # 1856,Najibullah Zadran,18,16,1,0,112.50,4
Afghanistan vs Sri Lanka,Afghanistan,T20I # 1856,Gulbadin Naib,12,14,0,0,85.71,5
Afghanistan vs Sri Lanka,Afghanistan,T20I # 1856,Mohammad Nabi(c),13,8,1,0,162.50,6
Afghanistan vs Sri Lanka,Afghanistan,T20I # 1856,Rashid Khan,9,8,1,0,112.50,7
Afghanistan vs Sri Lanka,Afghanistan,T20I # 1856,Azmatullah Omarzai,3,4,0,0,75.00,8
Afghanistan vs Sri Lanka,Afghanistan,T20I # 1856,Mujeeb Ur Rahman,1,2,0,0,50.00,9
Afghanistan vs Sri Lanka,Sri Lanka,T20I # 1856,Pathum Nissanka,10,10,2,0,100.00,1
Afghanistan vs Sri Lanka,Sri Lanka,T20I # 1856,Kusal Mendis,25,27,2,1,92.59,2
Afghanistan vs Sri Lanka,Sri Lanka,T20I # 1856,Dhananjaya de Silva,66,42,6,2,157.14,3
Afghanistan vs Sri Lanka,Sri Lanka,T20I # 1856,Charith Asalanka,19,18,1,0,105.55,4
Afghanistan vs Sri Lanka,Sri Lanka,T20I # 1856,Bhanuka Rajapaksa,18,14,3,0,128.57,5
Afghanistan vs Sri Lanka,Sri Lanka,T20I # 1856,Dasun Shanaka(c),0,0,0,0,-,6
Australia vs Afghanistan,Afghanistan,T20I # 1864,Rahmanullah Gurbaz,30,17,2,2,176.47,1
Australia vs Afghanistan,Afghanistan,T20I # 1864,Usman Ghani,2,7,0,0,28.57,2
Australia vs Afghanistan,Afghanistan,T20I # 1864,Ibrahim Zadran,26,33,2,0,78.78,3
Australia vs Afghanistan,Afghanistan,T20I # 1864,Gulbadin Naib,39,23,3,2,169.56,4
Australia vs Afghanistan,Afghanistan,T20I # 1864,Mohammad Nabi(c),1,2,0,0,50.00,5
Australia vs Afghanistan,Afghanistan,T20I # 1864,Najibullah Zadran,0,2,0,0,0.00,6
Australia vs Afghanistan,Afghanistan,T20I # 1864,Darwish Rasooli,15,13,1,0,115.38,7
Australia vs Afghanistan,Afghanistan,T20I # 1864,Rashid Khan,48,23,3,4,208.69,8
Australia vs Afghanistan,Afghanistan,T20I # 1864,Naveen-ul-Haq,0,0,0,0,-,9
Australia vs Afghanistan,Australia,T20I # 1864,David Warner,25,18,5,0,138.88,1
Australia vs Afghanistan,Australia,T20I # 1864,Cameron Green,3,2,0,0,150.00,2
Australia vs Afghanistan,Australia,T20I # 1864,Mitchell Marsh,45,30,3,2,150.00,3
Australia vs Afghanistan,Australia,T20I # 1864,Steven Smith,4,4,1,0,100.00,4
Australia vs Afghanistan,Australia,T20I # 1864,Marcus Stoinis,25,21,0,2,119.04,5
Australia vs Afghanistan,Australia,T20I # 1864,Glenn Maxwell,54,32,6,2,168.75,6
Australia vs Afghanistan,Australia,T20I # 1864,Matthew Wade(c),6,8,1,0,75.00,7
Australia vs Afghanistan,Australia,T20I # 1864,Pat Cummins,0,2,0,0,0.00,8
Australia vs Afghanistan,Australia,T20I # 1864,Kane Richardson,1,1,0,0,100.00,9
Australia vs Afghanistan,Australia,T20I # 1864,Adam Zampa,1,1,0,0,100.00,10
Australia vs Ireland,Australia,T20I # 1855,David Warner,3,7,0,0,42.85,1
Australia vs Ireland,Australia,T20I # 1855,Aaron Finch(c),63,44,5,3,143.18,2
Australia vs Ireland,Australia,T20I # 1855,Mitchell Marsh,28,22,2,2,127.27,3
Australia vs Ireland,Australia,T20I # 1855,Glenn Maxwell,13,9,0,1,144.44,4
Australia vs Ireland,Australia,T20I # 1855,Marcus Stoinis,35,25,3,1,140.00,5
Australia vs Ireland,Australia,T20I # 1855,Tim David,15,10,2,0,150.00,6
Australia vs Ireland,Australia,T20I # 1855,Matthew Wade,7,3,1,0,233.33,7
Australia vs Ireland,Ireland,T20I # 1855,Paul Stirling,11,7,1,1,157.14,1
Australia vs Ireland,Ireland,T20I # 1855,Andy Balbirnie(c),6,7,0,1,85.71,2
Australia vs Ireland,Ireland,T20I # 1855,Lorcan Tucker,71,48,9,1,147.91,3
Australia vs Ireland,Ireland,T20I # 1855,Harry Tector,6,4,1,0,150.00,4
Australia vs Ireland,Ireland,T20I # 1855,Curtis Campher,0,1,0,0,0.00,5
Australia vs Ireland,Ireland,T20I # 1855,George Dockrell,0,4,0,0,0.00,6
Australia vs Ireland,Ireland,T20I # 1855,Gareth Delany,14,10,2,0,140.00,7
Australia vs Ireland,Ireland,T20I # 1855,Mark Adair,11,11,1,0,100.00,8
Australia vs Ireland,Ireland,T20I # 1855,Fionn Hand,6,6,1,0,100.00,9
Australia vs Ireland,Ireland,T20I # 1855,Barry McCarthy,3,7,0,0,42.85,10
Australia vs Ireland,Ireland,T20I # 1855,Josh Little,1,5,0,0,20.00,11
Australia vs New Zealand,Australia,T20I # 1839,David Warner,5,6,1,0,83.33,1
Australia vs New Zealand,Australia,T20I # 1839,Aaron Finch(c),13,11,1,1,118.18,2
Australia vs New Zealand,Australia,T20I # 1839,Mitchell Marsh,16,12,2,1,133.33,3
Australia vs New Zealand,Australia,T20I # 1839,Glenn Maxwell,28,20,3,1,140.00,4
Australia vs New Zealand,Australia,T20I # 1839,Marcus Stoinis,7,14,0,0,50.00,5
Australia vs New Zealand,Australia,T20I # 1839,Tim David,11,8,0,1,137.50,6
Australia vs New Zealand,Australia,T20I # 1839,Matthew Wade,2,4,0,0,50.00,7
Australia vs New Zealand,Australia,T20I # 1839,Pat Cummins,21,18,2,1,116.66,8
Australia vs New Zealand,Australia,T20I # 1839,Mitchell Starc,4,7,0,0,57.14,9
Australia vs New Zealand,Australia,T20I # 1839,Adam Zampa,0,2,0,0,0.00,10
Australia vs New Zealand,Australia,T20I # 1839,Josh Hazlewood,1,1,0,0,100.00,11
Australia vs New Zealand,New Zealand,T20I # 1839,Finn Allen,42,16,5,3,262.50,1
Australia vs New Zealand,New Zealand,T20I # 1839,Devon Conway,92,58,7,2,158.62,2
Australia vs New Zealand,New Zealand,T20I # 1839,Kane Williamson(c),23,23,1,1,100.00,3
Australia vs New Zealand,New Zealand,T20I # 1839,Glenn Phillips,12,10,2,0,120.00,4
Australia vs New Zealand,New Zealand,T20I # 1839,James Neesham,26,13,0,2,200.00,5
Australia vs Sri Lanka,Australia,T20I # 1845,David Warner,11,10,0,0,110.00,1
Australia vs Sri Lanka,Australia,T20I # 1845,Aaron Finch(c),31,42,0,1,73.80,2
Australia vs Sri Lanka,Australia,T20I # 1845,Mitchell Marsh,17,17,1,1,100.00,3
Australia vs Sri Lanka,Australia,T20I # 1845,Glenn Maxwell,23,12,2,2,191.66,4
Australia vs Sri Lanka,Australia,T20I # 1845,Marcus Stoinis,59,18,4,6,327.77,5
Australia vs Sri Lanka,Sri Lanka,T20I # 1845,Pathum Nissanka,40,45,2,0,88.88,1
Australia vs Sri Lanka,Sri Lanka,T20I # 1845,Kusal Mendis,5,6,1,0,83.33,2
Australia vs Sri Lanka,Sri Lanka,T20I # 1845,Dhananjaya de Silva,26,23,3,0,113.04,3
Australia vs Sri Lanka,Sri Lanka,T20I # 1845,Charith Asalanka,38,25,3,2,152.00,4
Australia vs Sri Lanka,Sri Lanka,T20I # 1845,Bhanuka Rajapaksa,7,5,1,0,140.00,5
Australia vs Sri Lanka,Sri Lanka,T20I # 1845,Dasun Shanaka(c),3,5,0,0,60.00,6
Australia vs Sri Lanka,Sri Lanka,T20I # 1845,Wanindu Hasaranga,1,4,0,0,25.00,7
Australia vs Sri Lanka,Sri Lanka,T20I # 1845,Chamika Karunaratne,14,7,2,0,200.00,8
Bangladesh vs Netherlands,Bangladesh,T20I # 1843,Najmul Hossain Shanto,25,20,4,0,125.00,1
Bangladesh vs Netherlands,Bangladesh,T20I # 1843,Soumya Sarkar,14,14,2,0,100.00,2
Bangladesh vs Netherlands,Bangladesh,T20I # 1843,Litton Das,9,11,0,0,81.81,3
Bangladesh vs Netherlands,Bangladesh,T20I # 1843,Shakib Al Hasan(c),7,9,0,0,77.77,4
Bangladesh vs Netherlands,Bangladesh,T20I # 1843,Afif Hossain,38,27,2,2,140.74,5
Bangladesh vs Netherlands,Bangladesh,T20I # 1843,Yasir Ali,3,5,0,0,60.00,6
Bangladesh vs Netherlands,Bangladesh,T20I # 1843,Nurul Hasan,13,18,0,0,72.22,7
Bangladesh vs Netherlands,Bangladesh,T20I # 1843,Mosaddek Hossain,20,12,2,1,166.66,8
Bangladesh vs Netherlands,Bangladesh,T20I # 1843,Taskin Ahmed,0,1,0,0,0.00,9
Bangladesh vs Netherlands,Bangladesh,T20I # 1843,Hasan Mahmud,0,3,0,0,0.00,10
Bangladesh vs Netherlands,Netherlands,T20I # 1843,Vikramjit Singh,0,1,0,0,0.00,1
Bangladesh vs Netherlands,Netherlands,T20I # 1843,Max O'Dowd,8,8,0,1,100.00,2
Bangladesh vs Netherlands,Netherlands,T20I # 1843,Bas de Leede,0,1,0,0,0.00,3
Bangladesh vs Netherlands,Netherlands,T20I # 1843,Colin Ackermann,62,48,6,2,129.16,4
Bangladesh vs Netherlands,Netherlands,T20I # 1843,Tom Cooper,0,0,0,0,-,5
Bangladesh vs Netherlands,Netherlands,T20I # 1843,Scott Edwards(c),16,24,1,0,66.66,6
Bangladesh vs Netherlands,Netherlands,T20I # 1843,Tim Pringle,1,6,0,0,16.66,7
Bangladesh vs Netherlands,Netherlands,T20I # 1843,Logan van Beek,2,5,0,0,40.00,8
Bangladesh vs Netherlands,Netherlands,T20I # 1843,Shariz Ahmad,9,8,1,0,112.50,9
Bangladesh vs Netherlands,Netherlands,T20I # 1843,Fred Klaassen,7,6,0,0,116.66,10
Bangladesh vs Netherlands,Netherlands,T20I # 1843,Paul van Meekeren,24,14,3,1,171.42,11
Bangladesh vs Pakistan,Bangladesh,T20I # 1872,Najmul Hossain Shanto,54,48,7,0,112.50,1
Bangladesh vs Pakistan,Bangladesh,T20I # 1872,Litton Das,10,8,0,1,125.00,2
Bangladesh vs Pakistan,Bangladesh,T20I # 1872,Soumya Sarkar,20,17,1,1,117.64,3
Bangladesh vs Pakistan,Bangladesh,T20I # 1872,Shakib Al Hasan(c),0,1,0,0,0.00,4
Bangladesh vs Pakistan,Bangladesh,T20I # 1872,Afif Hossain,24,20,3,0,120.00,5
Bangladesh vs Pakistan,Bangladesh,T20I # 1872,Mosaddek Hossain,5,11,0,0,45.45,6
Bangladesh vs Pakistan,Bangladesh,T20I # 1872,Nurul Hasan,0,3,0,0,0.00,7
Bangladesh vs Pakistan,Bangladesh,T20I # 1872,Taskin Ahmed,1,5,0,0,20.00,8
Bangladesh vs Pakistan,Bangladesh,T20I # 1872,Nasum Ahmed,7,6,1,0,116.66,9
Bangladesh vs Pakistan,Bangladesh,T20I # 1872,Mustafizur Rahman,0,1,0,0,0.00,10
Bangladesh vs Pakistan,Pakistan,T20I # 1872,Mohammad Rizwan,32,32,2,1,100.00,1
Bangladesh vs Pakistan,Pakistan,T20I # 1872,Babar Azam(c),25,33,2,0,75.75,2
Bangladesh vs Pakistan,Pakistan,T20I # 1872,Mohammad Nawaz,4,11,0,0,36.36,3
Bangladesh vs Pakistan,Pakistan,T20I # 1872,Mohammad Haris,31,18,1,2,172.22,4
Bangladesh vs Pakistan,Pakistan,T20I # 1872,Shan Masood,24,14,2,0,171.42,5
Bangladesh vs Pakistan,Pakistan,T20I # 1872,Iftikhar Ahmed,1,3,0,0,33.33,6
Bangladesh vs Pakistan,Pakistan,T20I # 1872,Shadab Khan,0,0,0,0,-,7
Bangladesh vs Zimbabwe,Bangladesh,T20I # 1851,Najmul Hossain Shanto,71,55,7,1,129.09,1
Bangladesh vs Zimbabwe,Bangladesh,T20I # 1851,Soumya Sarkar,0,2,0,0,0.00,2
Bangladesh vs Zimbabwe,Bangladesh,T20I # 1851,Litton Das,14,12,3,0,116.66,3
Bangladesh vs Zimbabwe,Bangladesh,T20I # 1851,Shakib Al Hasan(c),23,20,1,0,115.00,4
Bangladesh vs Zimbabwe,Bangladesh,T20I # 1851,Afif Hossain,29,19,1,1,152.63,5
Bangladesh vs Zimbabwe,Bangladesh,T20I # 1851,Mosaddek Hossain,7,10,0,0,70.00,6
Bangladesh vs Zimbabwe,Bangladesh,T20I # 1851,Nurul Hasan,1,1,0,0,100.00,7
Bangladesh vs Zimbabwe,Bangladesh,T20I # 1851,Yasir Ali,1,1,0,0,100.00,8
Bangladesh vs Zimbabwe,Zimbabwe,T20I # 1851,Wessly Madhevere,4,3,1,0,133.33,1
Bangladesh vs Zimbabwe,Zimbabwe,T20I # 1851,Craig Ervine(c),8,7,2,0,114.28,2
Bangladesh vs Zimbabwe,Zimbabwe,T20I # 1851,Milton Shumba,8,15,1,0,53.33,3
Bangladesh vs Zimbabwe,Zimbabwe,T20I # 1851,Sean Williams,64,42,8,0,152.38,4
Bangladesh vs Zimbabwe,Zimbabwe,T20I # 1851,Sikandar Raza,0,3,0,0,0.00,5
Bangladesh vs Zimbabwe,Zimbabwe,T20I # 1851,Regis Chakabva,15,19,0,0,78.94,6
Bangladesh vs Zimbabwe,Zimbabwe,T20I # 1851,Ryan Burl,27,25,2,1,108.00,7
Bangladesh vs Zimbabwe,Zimbabwe,T20I # 1851,Brad Evans,2,2,0,0,100.00,8
Bangladesh vs Zimbabwe,Zimbabwe,T20I # 1851,Richard Ngarava,6,3,0,1,200.00,9
Bangladesh vs Zimbabwe,Zimbabwe,T20I # 1851,Blessing Muzarabani,0,2,0,0,0.00,10
England vs New Zealand,England,T20I # 1858,Jos Buttler(c),73,47,7,2,155.31,1
England vs New Zealand,England,T20I # 1858,Alex Hales,52,40,7,1,130.00,2
England vs New Zealand,England,T20I # 1858,Moeen Ali,5,6,0,0,83.33,3
England vs New Zealand,England,T20I # 1858,Liam Livingstone,20,14,1,1,142.85,4
England vs New Zealand,England,T20I # 1858,Harry Brook,7,3,0,1,233.33,5
England vs New Zealand,England,T20I # 1858,Ben Stokes,8,7,0,0,114.28,6
England vs New Zealand,England,T20I # 1858,Sam Curran,6,3,0,1,200.00,7
England vs New Zealand,England,T20I # 1858,Dawid Malan,3,1,0,0,300.00,8
England vs New Zealand,New Zealand,T20I # 1858,Finn Allen,16,11,0,1,145.45,1
England vs New Zealand,New Zealand,T20I # 1858,Devon Conway,3,9,0,0,33.33,2
England vs New Zealand,New Zealand,T20I # 1858,Kane Williamson(c),40,40,3,0,100.00,3
England vs New Zealand,New Zealand,T20I # 1858,Glenn Phillips,62,36,4,3,172.22,4
England vs New Zealand,New Zealand,T20I # 1858,James Neesham,6,3,1,0,200.00,5
England vs New Zealand,New Zealand,T20I # 1858,Daryl Mitchell,3,5,0,0,60.00,6
England vs New Zealand,New Zealand,T20I # 1858,Mitchell Santner,16,10,0,1,160.00,7
England vs New Zealand,New Zealand,T20I # 1858,Ish Sodhi,6,6,0,0,100.00,8
India vs Bangladesh,Bangladesh,T20I # 1860,Najmul Hossain Shanto,21,25,1,1,84.00,1
India vs Bangladesh,Bangladesh,T20I # 1860,Litton Das,60,27,7,3,222.22,2
India vs Bangladesh,Bangladesh,T20I # 1860,Shakib Al Hasan(c),13,12,2,0,108.33,3
India vs Bangladesh,Bangladesh,T20I # 1860,Afif Hossain,3,5,0,0,60.00,4
India vs Bangladesh,Bangladesh,T20I # 1860,Yasir Ali,1,3,0,0,33.33,5
India vs Bangladesh,Bangladesh,T20I # 1860,Nurul Hasan,25,14,2,1,178.57,6
India vs Bangladesh,Bangladesh,T20I # 1860,Mosaddek Hossain,6,3,0,1,200.00,7
India vs Bangladesh,Bangladesh,T20I # 1860,Taskin Ahmed,12,7,1,1,171.42,8
India vs Bangladesh,India,T20I # 1860,KL Rahul,50,32,3,4,156.25,1
India vs Bangladesh,India,T20I # 1860,Rohit Sharma(c),2,8,0,0,25.00,2
India vs Bangladesh,India,T20I # 1860,Virat Kohli,64,44,8,1,145.45,3
India vs Bangladesh,India,T20I # 1860,Suryakumar Yadav,30,16,4,0,187.50,4
India vs Bangladesh,India,T20I # 1860,Hardik Pandya,5,6,0,0,83.33,5
India vs Bangladesh,India,T20I # 1860,Dinesh Karthik,7,5,1,0,140.00,6
India vs Bangladesh,India,T20I # 1860,Axar Patel,7,6,1,0,116.66,7
India vs Bangladesh,India,T20I # 1860,Ravichandran Ashwin,13,6,1,1,216.66,8
India vs England,England,T20I # 1878,Jos Buttler(c),80,49,9,3,163.26,1
India vs England,England,T20I # 1878,Alex Hales,86,47,4,7,182.97,2
India vs England,India,T20I # 1878,KL Rahul,5,5,1,0,100.00,1
India vs England,India,T20I # 1878,Rohit Sharma(c),27,28,4,0,96.42,2
India vs England,India,T20I # 1878,Virat Kohli,50,40,4,1,125.00,3
India vs England,India,T20I # 1878,Suryakumar Yadav,14,10,1,1,140.00,4
India vs England,India,T20I # 1878,Hardik Pandya,63,33,4,5,190.90,5
India vs England,India,T20I # 1878,Rishabh Pant,6,4,1,0,150.00,6
India vs England,India,T20I # 1878,Ravichandran Ashwin,0,0,0,0,-,7
India vs Netherlands,India,T20I # 1848,KL Rahul,9,12,1,0,75.00,1
India vs Netherlands,India,T20I # 1848,Rohit Sharma(c),53,39,4,3,135.89,2
India vs Netherlands,India,T20I # 1848,Virat Kohli,62,44,3,2,140.90,3
India vs Netherlands,India,T20I # 1848,Suryakumar Yadav,51,25,7,1,204.00,4
India vs Netherlands,Netherlands,T20I # 1848,Vikramjit Singh,1,9,0,0,11.11,1
India vs Netherlands,Netherlands,T20I # 1848,Max O'Dowd,16,10,3,0,160.00,2
India vs Netherlands,Netherlands,T20I # 1848,Bas de Leede,16,23,0,0,69.56,3
India vs Netherlands,Netherlands,T20I # 1848,Colin Ackermann,17,21,1,0,80.95,4
India vs Netherlands,Netherlands,T20I # 1848,Tom Cooper,9,12,0,0,75.00,5
India vs Netherlands,Netherlands,T20I # 1848,Scott Edwards(c),5,8,0,0,62.50,6
India vs Netherlands,Netherlands,T20I # 1848,Tim Pringle,20,15,1,1,133.33,7
India vs Netherlands,Netherlands,T20I # 1848,Logan van Beek,3,5,0,0,60.00,8
India vs Netherlands,Netherlands,T20I # 1848,Shariz Ahmad,16,11,2,0,145.45,9
India vs Netherlands,Netherlands,T20I # 1848,Fred Klaassen,0,1,0,0,0.00,10
India vs Netherlands,Netherlands,T20I # 1848,Paul van Meekeren,14,6,3,0,233.33,11
India vs South Africa,India,T20I # 1853,KL Rahul,9,14,0,1,64.28,1
India vs South Africa,India,T20I # 1853,Rohit Sharma(c),15,14,1,1,107.14,2
India vs South Africa,India,T20I # 1853,Virat Kohli,12,11,2,0,109.09,3
India vs South Africa,India,T20I # 1853,Suryakumar Yadav,68,40,6,3,170.00,4
India vs South Africa,India,T20I # 1853,Deepak Hooda,0,3,0,0,0.00,5
India vs South Africa,India,T20I # 1853,Hardik Pandya,2,3,0,0,66.66,6
India vs South Africa,India,T20I # 1853,Dinesh Karthik,6,15,0,0,40.00,7
India vs South Africa,India,T20I # 1853,Ravichandran Ashwin,7,11,0,0,63.63,8
India vs South Africa,India,T20I # 1853,Bhuvneshwar Kumar,4,6,0,0,66.66,9
India vs South Africa,India,T20I # 1853,Mohammed Shami,0,2,0,0,0.00,10
India vs South Africa,India,T20I # 1853,Arshdeep Singh,2,1,0,0,200.00,11
India vs South Africa,South Africa,T20I # 1853,Quinton de Kock,1,3,0,0,33.33,1
India vs South Africa,South Africa,T20I # 1853,Temba Bavuma(c),10,15,0,1,66.66,2
India vs South Africa,South Africa,T20I # 1853,Rilee Rossouw,0,2,0,0,0.00,3
India vs South Africa,South Africa,T20I # 1853,Aiden Markram,52,41,6,1,126.82,4
India vs South Africa,South Africa,T20I # 1853,David Miller,59,46,4,3,128.26,5
India vs South Africa,South Africa,T20I # 1853,Tristan Stubbs,6,6,1,0,100.00,6
India vs South Africa,South Africa,T20I # 1853,Wayne Parnell,2,5,0,0,40.00,7
India vs Zimbabwe,India,T20I # 1873,KL Rahul,51,35,3,3,145.71,1
India vs Zimbabwe,India,T20I # 1873,Rohit Sharma(c),15,13,2,0,115.38,2
India vs Zimbabwe,India,T20I # 1873,Virat Kohli,26,25,2,0,104.00,3
India vs Zimbabwe,India,T20I # 1873,Suryakumar Yadav,61,25,6,4,244.00,4
India vs Zimbabwe,India,T20I # 1873,Rishabh Pant,3,5,0,0,60.00,5
India vs Zimbabwe,India,T20I # 1873,Hardik Pandya,18,18,2,0,100.00,6
India vs Zimbabwe,India,T20I # 1873,Axar Patel,0,0,0,0,-,7
India vs Zimbabwe,Zimbabwe,T20I # 1873,Wessly Madhevere,0,1,0,0,0.00,1
India vs Zimbabwe,Zimbabwe,T20I # 1873,Craig Ervine(c),13,15,2,0,86.66,2
India vs Zimbabwe,Zimbabwe,T20I # 1873,Regis Chakabva,0,6,0,0,0.00,3
India vs Zimbabwe,Zimbabwe,T20I # 1873,Sean Williams,11,18,0,1,61.11,4
India vs Zimbabwe,Zimbabwe,T20I # 1873,Sikandar Raza,34,24,3,0,141.66,5
India vs Zimbabwe,Zimbabwe,T20I # 1873,Tony Munyonga,5,4,1,0,125.00,6
India vs Zimbabwe,Zimbabwe,T20I # 1873,Ryan Burl,35,22,5,1,159.09,7
India vs Zimbabwe,Zimbabwe,T20I # 1873,Wellington Masakadza,1,7,0,0,14.28,8
India vs Zimbabwe,Zimbabwe,T20I # 1873,Richard Ngarava,1,2,0,0,50.00,9
India vs Zimbabwe,Zimbabwe,T20I # 1873,Tendai Chatara,4,4,1,0,100.00,10
India vs Zimbabwe,Zimbabwe,T20I # 1873,Blessing Muzarabani,0,2,0,0,0.00,11
Ireland vs England,England,T20I # 1846,Jos Buttler(c),0,2,0,0,0.00,1
Ireland vs England,England,T20I # 1846,Alex Hales,7,5,1,0,140.00,2
Ireland vs England,England,T20I # 1846,Dawid Malan,35,37,2,0,94.59,3
Ireland vs England,England,T20I # 1846,Ben Stokes,6,8,0,0,75.00,4
Ireland vs England,England,T20I # 1846,Harry Brook,18,21,1,0,85.71,5
Ireland vs England,England,T20I # 1846,Moeen Ali,24,12,3,1,200.00,6
Ireland vs England,England,T20I # 1846,Liam Livingstone,1,2,0,0,50.00,7
Ireland vs England,Ireland,T20I # 1846,Paul Stirling,14,8,1,1,175.00,1
Ireland vs England,Ireland,T20I # 1846,Andy Balbirnie(c),62,47,5,2,131.91,2
Ireland vs England,Ireland,T20I # 1846,Lorcan Tucker,34,27,3,1,125.92,3
Ireland vs England,Ireland,T20I # 1846,Harry Tector,0,2,0,0,0.00,4
Ireland vs England,Ireland,T20I # 1846,Curtis Campher,18,11,3,0,163.63,5
Ireland vs England,Ireland,T20I # 1846,George Dockrell,0,1,0,0,0.00,6
Ireland vs England,Ireland,T20I # 1846,Gareth Delany,12,10,1,0,120.00,7
Ireland vs England,Ireland,T20I # 1846,Mark Adair,4,4,0,0,100.00,8
Ireland vs England,Ireland,T20I # 1846,Barry McCarthy,3,3,0,0,100.00,9
Ireland vs England,Ireland,T20I # 1846,Fionn Hand,1,2,0,0,50.00,10
Ireland vs England,Ireland,T20I # 1846,Josh Little,0,1,0,0,0.00,11
Ireland vs Sri Lanka,Ireland,T20I # 1841,Paul Stirling,34,25,4,1,136.00,1
Ireland vs Sri Lanka,Ireland,T20I # 1841,Andy Balbirnie(c),1,5,0,0,20.00,2
Ireland vs Sri Lanka,Ireland,T20I # 1841,Lorcan Tucker,10,11,1,0,90.90,3
Ireland vs Sri Lanka,Ireland,T20I # 1841,Harry Tector,45,42,2,1,107.14,4
Ireland vs Sri Lanka,Ireland,T20I # 1841,Curtis Campher,2,4,0,0,50.00,5
Ireland vs Sri Lanka,Ireland,T20I # 1841,George Dockrell,14,16,0,0,87.50,6
Ireland vs Sri Lanka,Ireland,T20I # 1841,Gareth Delany,9,6,1,0,150.00,7
Ireland vs Sri Lanka,Ireland,T20I # 1841,Mark Adair,0,1,0,0,0.00,8
Ireland vs Sri Lanka,Ireland,T20I # 1841,Simi Singh,7,8,1,0,87.50,9
Ireland vs Sri Lanka,Ireland,T20I # 1841,Barry McCarthy,2,2,0,0,100.00,10
Ireland vs Sri Lanka,Sri Lanka,T20I # 1841,Kusal Mendis,68,43,5,3,158.13,1
Ireland vs Sri Lanka,Sri Lanka,T20I # 1841,Dhananjaya de Silva,31,25,2,1,124.00,2
Ireland vs Sri Lanka,Sri Lanka,T20I # 1841,Charith Asalanka,31,22,2,0,140.90,3
Namibia vs Netherlands,Namibia,T20I # 1830,Michael van Lingen,20,19,3,0,105.26,1
Namibia vs Netherlands,Namibia,T20I # 1830,Divan la Cock,0,2,0,0,0.00,2
Namibia vs Netherlands,Namibia,T20I # 1830,Stephan Baard,19,22,0,0,86.36,3
Namibia vs Netherlands,Namibia,T20I # 1830,Jan Nicol Loftie-Eaton,0,2,0,0,0.00,4
Namibia vs Netherlands,Namibia,T20I # 1830,Jan Frylinck,43,48,1,1,89.58,5
Namibia vs Netherlands,Namibia,T20I # 1830,Gerhard Erasmus(c),16,18,0,0,88.88,6
Namibia vs Netherlands,Namibia,T20I # 1830,David Wiese,11,5,1,0,220.00,7
Namibia vs Netherlands,Namibia,T20I # 1830,JJ Smit,5,4,1,0,125.00,8
Namibia vs Netherlands,Netherlands,T20I # 1830,Max O'Dowd,35,35,1,1,100.00,1
Namibia vs Netherlands,Netherlands,T20I # 1830,Vikramjit Singh,39,31,3,2,125.80,2
Namibia vs Netherlands,Netherlands,T20I # 1830,Bas de Leede,30,30,2,0,100.00,3
Namibia vs Netherlands,Netherlands,T20I # 1830,Tom Cooper,6,6,1,0,100.00,4
Namibia vs Netherlands,Netherlands,T20I # 1830,Colin Ackermann,0,2,0,0,0.00,5
Namibia vs Netherlands,Netherlands,T20I # 1830,Scott Edwards(c),1,5,0,0,20.00,6
Namibia vs Netherlands,Netherlands,T20I # 1830,Tim Pringle,8,9,0,0,88.88,7
Namibia vs Sri Lanka,Namibia,T20I # 1823,Michael van Lingen,3,6,0,0,50.00,1
Namibia vs Sri Lanka,Namibia,T20I # 1823,Divan la Cock,9,9,1,0,100.00,2
Namibia vs Sri Lanka,Namibia,T20I # 1823,Jan Nicol Loftie-Eaton,20,12,1,2,166.66,3
Namibia vs Sri Lanka,Namibia,T20I # 1823,Stephan Baard,26,24,2,0,108.33,4
Namibia vs Sri Lanka,Namibia,T20I # 1823,Gerhard Erasmus(c),20,24,0,0,83.33,5
Namibia vs Sri Lanka,Namibia,T20I # 1823,Jan Frylinck,44,28,4,0,157.14,6
Namibia vs Sri Lanka,Namibia,T20I # 1823,David Wiese,0,1,0,0,0.00,7
Namibia vs Sri Lanka,Namibia,T20I # 1823,JJ Smit,31,16,2,2,193.75,8
Namibia vs Sri Lanka,Sri Lanka,T20I # 1823,Pathum Nissanka,9,10,1,0,90.00,1
Namibia vs Sri Lanka,Sri Lanka,T20I # 1823,Kusal Mendis,6,6,0,0,100.00,2
Namibia vs Sri Lanka,Sri Lanka,T20I # 1823,Dhananjaya de Silva,12,11,1,0,109.09,3
Namibia vs Sri Lanka,Sri Lanka,T20I # 1823,Danushka Gunathilaka,0,1,0,0,0.00,4
Namibia vs Sri Lanka,Sri Lanka,T20I # 1823,Bhanuka Rajapaksa,20,21,2,0,95.23,5
Namibia vs Sri Lanka,Sri Lanka,T20I # 1823,Dasun Shanaka(c),29,23,2,1,126.08,6
Namibia vs Sri Lanka,Sri Lanka,T20I # 1823,Wanindu Hasaranga,4,8,0,0,50.00,7
Namibia vs Sri Lanka,Sri Lanka,T20I # 1823,Chamika Karunaratne,5,8,0,0,62.50,8
Namibia vs Sri Lanka,Sri Lanka,T20I # 1823,Pramod Madushan,0,0,0,0,-,9
Namibia vs Sri Lanka,Sri Lanka,T20I # 1823,Dushmantha Chameera,8,15,0,0,53.33,10
Namibia vs Sri Lanka,Sri Lanka,T20I # 1823,Maheesh Theekshana,11,11,0,1,100.00,11
Netherlands vs Pakistan,Netherlands,T20I # 1852,Stephan Myburgh,6,11,1,0,54.54,1
Netherlands vs Pakistan,Netherlands,T20I # 1852,Max O'Dowd,8,13,0,0,61.53,2
Netherlands vs Pakistan,Netherlands,T20I # 1852,Bas de Leede,6,16,1,0,37.50,3
Netherlands vs Pakistan,Netherlands,T20I # 1852,Tom Cooper,1,2,0,0,50.00,4
Netherlands vs Pakistan,Netherlands,T20I # 1852,Colin Ackermann,27,27,2,0,100.00,5
Netherlands vs Pakistan,Netherlands,T20I # 1852,Scott Edwards(c),15,20,1,0,75.00,6
Netherlands vs Pakistan,Netherlands,T20I # 1852,Roelof van der Merwe,5,6,0,0,83.33,7
Netherlands vs Pakistan,Netherlands,T20I # 1852,Tim Pringle,5,8,0,0,62.50,8
Netherlands vs Pakistan,Netherlands,T20I # 1852,Logan van Beek,6,9,0,0,66.66,9
Netherlands vs Pakistan,Netherlands,T20I # 1852,Fred Klaassen,0,1,0,0,0.00,10
Netherlands vs Pakistan,Netherlands,T20I # 1852,Paul van Meekeren,7,7,0,0,100.00,11
Netherlands vs Pakistan,Pakistan,T20I # 1852,Mohammad Rizwan,49,39,5,0,125.64,1
Netherlands vs Pakistan,Pakistan,T20I # 1852,Babar Azam(c),4,5,1,0,80.00,2
Netherlands vs Pakistan,Pakistan,T20I # 1852,Fakhar Zaman,20,16,3,0,125.00,3
Netherlands vs Pakistan,Pakistan,T20I # 1852,Shan Masood,12,16,0,0,75.00,4
Netherlands vs Pakistan,Pakistan,T20I # 1852,Iftikhar Ahmed,6,5,0,0,120.00,5
Netherlands vs Pakistan,Pakistan,T20I # 1852,Shadab Khan,4,2,1,0,200.00,6
Netherlands vs South Africa,Netherlands,T20I # 1871,Stephan Myburgh,37,30,7,0,123.33,1
Netherlands vs South Africa,Netherlands,T20I # 1871,Max O'Dowd,29,31,1,1,93.54,2
Netherlands vs South Africa,Netherlands,T20I # 1871,Tom Cooper,35,19,2,2,184.21,3
Netherlands vs South Africa,Netherlands,T20I # 1871,Colin Ackermann,41,26,3,2,157.69,4
Netherlands vs South Africa,Netherlands,T20I # 1871,Bas de Leede,1,7,0,0,14.28,5
Netherlands vs South Africa,Netherlands,T20I # 1871,Scott Edwards(c),12,7,2,0,171.42,6
Netherlands vs South Africa,South Africa,T20I # 1871,Quinton de Kock,13,13,1,1,100.00,1
Netherlands vs South Africa,South Africa,T20I # 1871,Temba Bavuma(c),20,20,2,0,100.00,2
Netherlands vs South Africa,South Africa,T20I # 1871,Rilee Rossouw,25,19,2,0,131.57,3
Netherlands vs South Africa,South Africa,T20I # 1871,Aiden Markram,17,13,2,0,130.76,4
Netherlands vs South Africa,South Africa,T20I # 1871,David Miller,17,17,1,0,100.00,5
Netherlands vs South Africa,South Africa,T20I # 1871,Heinrich Klaasen,21,18,0,1,116.66,6
Netherlands vs South Africa,South Africa,T20I # 1871,Wayne Parnell,0,2,0,0,0.00,7
Netherlands vs South Africa,South Africa,T20I # 1871,Keshav Maharaj,13,12,0,1,108.33,8
Netherlands vs South Africa,South Africa,T20I # 1871,Kagiso Rabada,9,8,0,0,112.50,9
Netherlands vs South Africa,South Africa,T20I # 1871,Anrich Nortje,4,1,1,0,400.00,10
New Zealand vs Ireland,Ireland,T20I # 1862,Paul Stirling,37,27,3,1,137.03,1
New Zealand vs Ireland,Ireland,T20I # 1862,Andy Balbirnie(c),30,25,0,3,120.00,2
New Zealand vs Ireland,Ireland,T20I # 1862,Lorcan Tucker,13,14,0,0,92.85,3
New Zealand vs Ireland,Ireland,T20I # 1862,Harry Tector,2,7,0,0,28.57,4
New Zealand vs Ireland,Ireland,T20I # 1862,Gareth Delany,10,8,2,0,125.00,5
New Zealand vs Ireland,Ireland,T20I # 1862,George Dockrell,23,15,3,0,153.33,6
New Zealand vs Ireland,Ireland,T20I # 1862,Curtis Campher,7,7,1,0,100.00,7
New Zealand vs Ireland,Ireland,T20I # 1862,Fionn Hand,5,3,1,0,166.66,8
New Zealand vs Ireland,Ireland,T20I # 1862,Mark Adair,4,5,0,0,80.00,9
New Zealand vs Ireland,Ireland,T20I # 1862,Barry McCarthy,6,5,0,0,120.00,10
New Zealand vs Ireland,Ireland,T20I # 1862,Josh Little,8,4,0,1,200.00,11
New Zealand vs Ireland,New Zealand,T20I # 1862,Finn Allen,32,18,5,1,177.77,1
New Zealand vs Ireland,New Zealand,T20I # 1862,Devon Conway,28,33,2,0,84.84,2
New Zealand vs Ireland,New Zealand,T20I # 1862,Kane Williamson(c),61,35,5,3,174.28,3
New Zealand vs Ireland,New Zealand,T20I # 1862,Glenn Phillips,17,9,2,1,188.88,4
New Zealand vs Ireland,New Zealand,T20I # 1862,Daryl Mitchell,31,21,2,0,147.61,5
New Zealand vs Ireland,New Zealand,T20I # 1862,James Neesham,0,1,0,0,0.00,6
New Zealand vs Ireland,New Zealand,T20I # 1862,Mitchell Santner,0,1,0,0,0.00,7
New Zealand vs Ireland,New Zealand,T20I # 1862,Tim Southee,1,2,0,0,50.00,8
New Zealand vs Pakistan,New Zealand,T20I # 1877,Finn Allen,4,3,1,0,133.33,1
New Zealand vs Pakistan,New Zealand,T20I # 1877,Devon Conway,21,20,3,0,105.00,2
New Zealand vs Pakistan,New Zealand,T20I # 1877,Kane Williamson(c),46,42,1,1,109.52,3
New Zealand vs Pakistan,New Zealand,T20I # 1877,Glenn Phillips,6,8,1,0,75.00,4
New Zealand vs Pakistan,New Zealand,T20I # 1877,Daryl Mitchell,53,35,3,1,151.42,5
New Zealand vs Pakistan,New Zealand,T20I # 1877,James Neesham,16,12,1,0,133.33,6
New Zealand vs Pakistan,Pakistan,T20I # 1877,Mohammad Rizwan,57,43,5,0,132.55,1
New Zealand vs Pakistan,Pakistan,T20I # 1877,Babar Azam(c),53,42,7,0,126.19,2
New Zealand vs Pakistan,Pakistan,T20I # 1877,Mohammad Haris,30,26,2,1,115.38,3
New Zealand vs Pakistan,Pakistan,T20I # 1877,Shan Masood,3,4,0,0,75.00,4
New Zealand vs Pakistan,Pakistan,T20I # 1877,Iftikhar Ahmed,0,0,0,0,-,5
New Zealand vs Sri Lanka,New Zealand,T20I # 1850,Finn Allen,1,3,0,0,33.33,1
New Zealand vs Sri Lanka,New Zealand,T20I # 1850,Devon Conway,1,4,0,0,25.00,2
New Zealand vs Sri Lanka,New Zealand,T20I # 1850,Kane Williamson(c),8,13,1,0,61.53,3
New Zealand vs Sri Lanka,New Zealand,T20I # 1850,Glenn Phillips,104,64,10,4,162.50,4
New Zealand vs Sri Lanka,New Zealand,T20I # 1850,Daryl Mitchell,22,24,0,0,91.66,5
New Zealand vs Sri Lanka,New Zealand,T20I # 1850,James Neesham,5,8,0,0,62.50,6
New Zealand vs Sri Lanka,New Zealand,T20I # 1850,Mitchell Santner,11,5,0,1,220.00,7
New Zealand vs Sri Lanka,New Zealand,T20I # 1850,Ish Sodhi,1,1,0,0,100.00,8
New Zealand vs Sri Lanka,New Zealand,T20I # 1850,Tim Southee,4,1,1,0,400.00,9
New Zealand vs Sri Lanka,Sri Lanka,T20I # 1850,Pathum Nissanka,0,5,0,0,0.00,1
New Zealand vs Sri Lanka,Sri Lanka,T20I # 1850,Kusal Mendis,4,3,1,0,133.33,2
New Zealand vs Sri Lanka,Sri Lanka,T20I # 1850,Dhananjaya de Silva,0,3,0,0,0.00,3
New Zealand vs Sri Lanka,Sri Lanka,T20I # 1850,Charith Asalanka,4,8,0,0,50.00,4
New Zealand vs Sri Lanka,Sri Lanka,T20I # 1850,Bhanuka Rajapaksa,34,22,3,2,154.54,5
New Zealand vs Sri Lanka,Sri Lanka,T20I # 1850,Chamika Karunaratne,3,8,0,0,37.50,6
New Zealand vs Sri Lanka,Sri Lanka,T20I # 1850,Dasun Shanaka(c),35,32,4,1,109.37,7
New Zealand vs Sri Lanka,Sri Lanka,T20I # 1850,Wanindu Hasaranga,4,6,1,0,66.66,8
New Zealand vs Sri Lanka,Sri Lanka,T20I # 1850,Maheesh Theekshana,0,3,0,0,0.00,9
New Zealand vs Sri Lanka,Sri Lanka,T20I # 1850,Kasun Rajitha,8,21,0,0,38.09,10
New Zealand vs Sri Lanka,Sri Lanka,T20I # 1850,Lahiru Kumara,4,5,1,0,80.00,11
Pakistan vs England,England,T20I # 1879,Jos Buttler(c),26,17,3,1,152.94,1
Pakistan vs England,England,T20I # 1879,Alex Hales,1,2,0,0,50.00,2
Pakistan vs England,England,T20I # 1879,Phil Salt,10,9,2,0,111.11,3
Pakistan vs England,England,T20I # 1879,Ben Stokes,52,49,5,1,106.12,4
Pakistan vs England,England,T20I # 1879,Harry Brook,20,23,1,0,86.95,5
Pakistan vs England,England,T20I # 1879,Moeen Ali,19,13,3,0,146.15,6
Pakistan vs England,England,T20I # 1879,Liam Livingstone,1,1,0,0,100.00,7
Pakistan vs England,Pakistan,T20I # 1879,Mohammad Rizwan,15,14,0,1,107.14,1
Pakistan vs England,Pakistan,T20I # 1879,Babar Azam(c),32,28,2,0,114.28,2
Pakistan vs England,Pakistan,T20I # 1879,Mohammad Haris,8,12,1,0,66.66,3
Pakistan vs England,Pakistan,T20I # 1879,Shan Masood,38,28,2,1,135.71,4
Pakistan vs England,Pakistan,T20I # 1879,Iftikhar Ahmed,0,6,0,0,0.00,5
Pakistan vs England,Pakistan,T20I # 1879,Shadab Khan,20,14,2,0,142.85,6
Pakistan vs England,Pakistan,T20I # 1879,Mohammad Nawaz,5,7,0,0,71.42,7
Pakistan vs England,Pakistan,T20I # 1879,Mohammad Wasim,4,8,0,0,50.00,8
Pakistan vs England,Pakistan,T20I # 1879,Shaheen Shah Afridi,5,3,1,0,166.66,9
Pakistan vs England,Pakistan,T20I # 1879,Haris Rauf,1,1,0,0,100.00,10
Pakistan vs India,India,T20I # 1842,KL Rahul,4,8,0,0,50.00,1
Pakistan vs India,India,T20I # 1842,Rohit Sharma(c),4,7,0,0,57.14,2
Pakistan vs India,India,T20I # 1842,Virat Kohli,82,53,6,4,154.71,3
Pakistan vs India,India,T20I # 1842,Suryakumar Yadav,15,10,2,0,150.00,4
Pakistan vs India,India,T20I # 1842,Axar Patel,2,3,0,0,66.66,5
Pakistan vs India,India,T20I # 1842,Hardik Pandya,40,37,1,2,108.10,6
Pakistan vs India,India,T20I # 1842,Dinesh Karthik,1,2,0,0,50.00,7
Pakistan vs India,India,T20I # 1842,Ravichandran Ashwin,1,1,0,0,100.00,8
Pakistan vs India,Pakistan,T20I # 1842,Mohammad Rizwan,4,12,1,0,33.33,1
Pakistan vs India,Pakistan,T20I # 1842,Babar Azam(c),0,1,0,0,0.00,2
Pakistan vs India,Pakistan,T20I # 1842,Shan Masood,52,42,5,0,123.80,3
Pakistan vs India,Pakistan,T20I # 1842,Iftikhar Ahmed,51,34,2,4,150.00,4
Pakistan vs India,Pakistan,T20I # 1842,Shadab Khan,5,6,1,0,83.33,5
Pakistan vs India,Pakistan,T20I # 1842,Haider Ali,2,4,0,0,50.00,6
Pakistan vs India,Pakistan,T20I # 1842,Mohammad Nawaz,9,6,2,0,150.00,7
Pakistan vs India,Pakistan,T20I # 1842,Asif Ali,2,3,0,0,66.66,8
Pakistan vs India,Pakistan,T20I # 1842,Shaheen Shah Afridi,16,8,1,1,200.00,9
Pakistan vs India,Pakistan,T20I # 1842,Haris Rauf,6,4,0,1,150.00,10
Pakistan vs South Africa,Pakistan,T20I # 1861,Mohammad Rizwan,4,4,1,0,100.00,1
Pakistan vs South Africa,Pakistan,T20I # 1861,Babar Azam(c),6,15,0,0,40.00,2
Pakistan vs South Africa,Pakistan,T20I # 1861,Mohammad Haris,28,11,2,3,254.54,3
Pakistan vs South Africa,Pakistan,T20I # 1861,Shan Masood,2,6,0,0,33.33,4
Pakistan vs South Africa,Pakistan,T20I # 1861,Iftikhar Ahmed,51,35,3,2,145.71,5
Pakistan vs South Africa,Pakistan,T20I # 1861,Mohammad Nawaz,28,22,4,1,127.27,6
Pakistan vs South Africa,Pakistan,T20I # 1861,Shadab Khan,52,22,3,4,236.36,7
Pakistan vs South Africa,Pakistan,T20I # 1861,Mohammad Wasim,0,1,0,0,0.00,8
Pakistan vs South Africa,Pakistan,T20I # 1861,Naseem Shah,5,3,0,0,166.66,9
Pakistan vs South Africa,Pakistan,T20I # 1861,Haris Rauf,3,2,0,0,150.00,10
Pakistan vs South Africa,South Africa,T20I # 1861,Temba Bavuma(c),36,19,4,1,189.47,1
Pakistan vs South Africa,South Africa,T20I # 1861,Quinton de Kock,0,5,0,0,0.00,2
Pakistan vs South Africa,South Africa,T20I # 1861,Rilee Rossouw,7,6,0,1,116.66,3
Pakistan vs South Africa,South Africa,T20I # 1861,Aiden Markram,20,14,4,0,142.85,4
Pakistan vs South Africa,South Africa,T20I # 1861,Heinrich Klaasen,15,9,3,0,166.66,5
Pakistan vs South Africa,South Africa,T20I # 1861,Tristan Stubbs,18,18,0,1,100.00,6
Pakistan vs South Africa,South Africa,T20I # 1861,Wayne Parnell,3,4,0,0,75.00,7
Pakistan vs South Africa,South Africa,T20I # 1861,Kagiso Rabada,1,2,0,0,50.00,8
Pakistan vs South Africa,South Africa,T20I # 1861,Anrich Nortje,1,5,0,0,20.00,9
Pakistan vs South Africa,South Africa,T20I # 1861,Lungi Ngidi,4,1,1,0,400.00,10
Pakistan vs South Africa,South Africa,T20I # 1861,Tabraiz Shamsi,1,1,0,0,100.00,11
Scotland vs Ireland,Ireland,T20I # 1833,Paul Stirling,8,10,1,0,80.00,1
Scotland vs Ireland,Ireland,T20I # 1833,Andy Balbirnie(c),14,12,2,0,116.66,2
Scotland vs Ireland,Ireland,T20I # 1833,Lorcan Tucker,20,17,2,0,117.64,3
Scotland vs Ireland,Ireland,T20I # 1833,Harry Tector,14,16,1,0,87.50,4
Scotland vs Ireland,Ireland,T20I # 1833,Curtis Campher,72,32,7,2,225.00,5
Scotland vs Ireland,Ireland,T20I # 1833,George Dockrell,39,27,4,1,144.44,6
Scotland vs Ireland,Scotland,T20I # 1833,George Munsey,1,2,0,0,50.00,1
Scotland vs Ireland,Scotland,T20I # 1833,Michael Jones,86,55,6,4,156.36,2
Scotland vs Ireland,Scotland,T20I # 1833,Matthew Cross,28,21,5,0,133.33,3
Scotland vs Ireland,Scotland,T20I # 1833,Richie Berrington(c),37,27,3,1,137.03,4
Scotland vs Ireland,Scotland,T20I # 1833,Michael Leask,17,13,2,0,130.76,5
Scotland vs Ireland,Scotland,T20I # 1833,Calum MacLeod,0,3,0,0,0.00,6
Scotland vs West Indies,Scotland,T20I # 1826,George Munsey,66,53,9,0,124.52,1
Scotland vs West Indies,Scotland,T20I # 1826,Michael Jones,20,17,3,0,117.64,2
Scotland vs West Indies,Scotland,T20I # 1826,Matthew Cross,3,5,0,0,60.00,3
Scotland vs West Indies,Scotland,T20I # 1826,Richie Berrington(c),16,14,0,1,114.28,4
Scotland vs West Indies,Scotland,T20I # 1826,Calum MacLeod,23,14,4,0,164.28,5
Scotland vs West Indies,Scotland,T20I # 1826,Michael Leask,4,6,0,0,66.66,6
Scotland vs West Indies,Scotland,T20I # 1826,Chris Greaves,16,11,2,0,145.45,7
Scotland vs West Indies,West Indies,T20I # 1826,Kyle Mayers,20,13,3,1,153.84,1
Scotland vs West Indies,West Indies,T20I # 1826,Evin Lewis,14,13,1,1,107.69,2
Scotland vs West Indies,West Indies,T20I # 1826,Brandon King,17,15,3,0,113.33,3
Scotland vs West Indies,West Indies,T20I # 1826,Nicholas Pooran(c),5,9,0,0,55.55,4
Scotland vs West Indies,West Indies,T20I # 1826,Shamarh Brooks,4,9,0,0,44.44,5
Scotland vs West Indies,West Indies,T20I # 1826,Rovman Powell,5,6,0,0,83.33,6
Scotland vs West Indies,West Indies,T20I # 1826,Jason Holder,38,33,4,1,115.15,7
Scotland vs West Indies,West Indies,T20I # 1826,Akeal Hosein,1,1,0,0,100.00,8
Scotland vs West Indies,West Indies,T20I # 1826,Alzarri Joseph,0,1,0,0,0.00,9
Scotland vs West Indies,West Indies,T20I # 1826,Odean Smith,5,8,0,0,62.50,10
Scotland vs West Indies,West Indies,T20I # 1826,Obed McCoy,2,3,0,0,66.66,11
Scotland vs Zimbabwe,Scotland,T20I # 1838,George Munsey,54,51,7,0,105.88,1
Scotland vs Zimbabwe,Scotland,T20I # 1838,Michael Jones,4,5,1,0,80.00,2
Scotland vs Zimbabwe,Scotland,T20I # 1838,Matthew Cross,1,7,0,0,14.28,3
Scotland vs Zimbabwe,Scotland,T20I # 1838,Richie Berrington(c),13,15,0,0,86.66,4
Scotland vs Zimbabwe,Scotland,T20I # 1838,Calum MacLeod,25,26,1,0,96.15,5
Scotland vs Zimbabwe,Scotland,T20I # 1838,Michael Leask,12,9,2,0,133.33,6
Scotland vs Zimbabwe,Scotland,T20I # 1838,Chris Greaves,3,7,0,0,42.85,7
Scotland vs Zimbabwe,Scotland,T20I # 1838,Josh Davey,4,3,0,0,133.33,8
Scotland vs Zimbabwe,Zimbabwe,T20I # 1838,Regis Chakabva,4,3,1,0,133.33,1
Scotland vs Zimbabwe,Zimbabwe,T20I # 1838,Craig Ervine(c),58,54,6,0,107.40,2
Scotland vs Zimbabwe,Zimbabwe,T20I # 1838,Wessly Madhevere,0,5,0,0,0.00,3
Scotland vs Zimbabwe,Zimbabwe,T20I # 1838,Sean Williams,7,12,0,0,58.33,4
Scotland vs Zimbabwe,Zimbabwe,T20I # 1838,Sikandar Raza,40,23,3,2,173.91,5
Scotland vs Zimbabwe,Zimbabwe,T20I # 1838,Milton Shumba,11,11,0,0,100.00,6
Scotland vs Zimbabwe,Zimbabwe,T20I # 1838,Ryan Burl,9,5,1,0,180.00,7
South Africa vs Bangladesh,Bangladesh,T20I # 1847,Najmul Hossain Shanto,9,9,1,0,100.00,1
South Africa vs Bangladesh,Bangladesh,T20I # 1847,Soumya Sarkar,15,6,0,2,250.00,2
South Africa vs Bangladesh,Bangladesh,T20I # 1847,Litton Das,34,31,1,1,109.67,3
South Africa vs Bangladesh,Bangladesh,T20I # 1847,Shakib Al Hasan(c),1,4,0,0,25.00,4
South Africa vs Bangladesh,Bangladesh,T20I # 1847,Afif Hossain,1,5,0,0,20.00,5
South Africa vs Bangladesh,Bangladesh,T20I # 1847,Mehidy Hasan Miraz,11,13,0,0,84.61,6
South Africa vs Bangladesh,Bangladesh,T20I # 1847,Mosaddek Hossain,0,3,0,0,0.00,7
South Africa vs Bangladesh,Bangladesh,T20I # 1847,Nurul Hasan,2,6,0,0,33.33,8
South Africa vs Bangladesh,Bangladesh,T20I # 1847,Taskin Ahmed,10,17,1,0,58.82,9
South Africa vs Bangladesh,Bangladesh,T20I # 1847,Hasan Mahmud,0,2,0,0,0.00,10
South Africa vs Bangladesh,Bangladesh,T20I # 1847,Mustafizur Rahman,9,3,0,1,300.00,11
South Africa vs Bangladesh,South Africa,T20I # 1847,Temba Bavuma(c),2,6,0,0,33.33,1
South Africa vs Bangladesh,South Africa,T20I # 1847,Quinton de Kock,63,38,7,3,165.78,2
South Africa vs Bangladesh,South Africa,T20I # 1847,Rilee Rossouw,109,56,7,8,194.64,3
South Africa vs Bangladesh,South Africa,T20I # 1847,Tristan Stubbs,7,7,1,0,100.00,4
South Africa vs Bangladesh,South Africa,T20I # 1847,Aiden Markram,10,11,1,0,90.90,5
South Africa vs Bangladesh,South Africa,T20I # 1847,David Miller,2,4,0,0,50.00,6
South Africa vs Bangladesh,South Africa,T20I # 1847,Wayne Parnell,0,2,0,0,0.00,7
Sri Lanka vs England,England,T20I # 1867,Jos Buttler(c),28,23,2,1,121.73,1
Sri Lanka vs England,England,T20I # 1867,Alex Hales,47,30,7,1,156.66,2
Sri Lanka vs England,England,T20I # 1867,Ben Stokes,42,36,2,0,116.66,3
Sri Lanka vs England,England,T20I # 1867,Harry Brook,4,5,0,0,80.00,4
Sri Lanka vs England,England,T20I # 1867,Liam Livingstone,4,6,0,0,66.66,5
Sri Lanka vs England,England,T20I # 1867,Moeen Ali,1,5,0,0,20.00,6
Sri Lanka vs England,England,T20I # 1867,Sam Curran,6,11,0,0,54.54,7
Sri Lanka vs England,England,T20I # 1867,Chris Woakes,5,3,1,0,166.66,8
Sri Lanka vs England,Sri Lanka,T20I # 1867,Pathum Nissanka,67,45,2,5,148.88,1
Sri Lanka vs England,Sri Lanka,T20I # 1867,Kusal Mendis,18,14,1,1,128.57,2
Sri Lanka vs England,Sri Lanka,T20I # 1867,Dhananjaya de Silva,9,11,0,0,81.81,3
Sri Lanka vs England,Sri Lanka,T20I # 1867,Charith Asalanka,8,9,0,0,88.88,4
Sri Lanka vs England,Sri Lanka,T20I # 1867,Bhanuka Rajapaksa,22,22,3,0,100.00,5
Sri Lanka vs England,Sri Lanka,T20I # 1867,Dasun Shanaka(c),3,8,0,0,37.50,6
Sri Lanka vs England,Sri Lanka,T20I # 1867,Wanindu Hasaranga,9,9,1,0,100.00,7
Sri Lanka vs England,Sri Lanka,T20I # 1867,Chamika Karunaratne,0,2,0,0,0.00,8
Sri Lanka vs England,Sri Lanka,T20I # 1867,Maheesh Theekshana,0,0,0,0,-,9
Sri Lanka vs Netherlands,Netherlands,T20I # 1835,Max O'Dowd,71,53,6,3,133.96,1
Sri Lanka vs Netherlands,Netherlands,T20I # 1835,Vikramjit Singh,7,14,0,0,50.00,2
Sri Lanka vs Netherlands,Netherlands,T20I # 1835,Bas de Leede,14,10,1,1,140.00,3
Sri Lanka vs Netherlands,Netherlands,T20I # 1835,Colin Ackermann,0,1,0,0,0.00,4
Sri Lanka vs Netherlands,Netherlands,T20I # 1835,Tom Cooper,16,19,2,0,84.21,5
Sri Lanka vs Netherlands,Netherlands,T20I # 1835,Scott Edwards(c),21,15,3,0,140.00,6
Sri Lanka vs Netherlands,Netherlands,T20I # 1835,Tim Pringle,2,4,0,0,50.00,7
Sri Lanka vs Netherlands,Netherlands,T20I # 1835,Timm van der Gugten,0,1,0,0,0.00,8
Sri Lanka vs Netherlands,Netherlands,T20I # 1835,Fred Klaassen,3,3,0,0,100.00,9
Sri Lanka vs Netherlands,Netherlands,T20I # 1835,Paul van Meekeren,0,0,0,0,-,10
Sri Lanka vs Netherlands,Netherlands,T20I # 1835,Roelof van der Merwe,0,1,0,0,0.00,11
Sri Lanka vs Netherlands,Sri Lanka,T20I # 1835,Pathum Nissanka,14,21,0,1,66.66,1
Sri Lanka vs Netherlands,Sri Lanka,T20I # 1835,Kusal Mendis,79,44,5,5,179.54,2
Sri Lanka vs Netherlands,Sri Lanka,T20I # 1835,Dhananjaya de Silva,0,1,0,0,0.00,3
Sri Lanka vs Netherlands,Sri Lanka,T20I # 1835,Charith Asalanka,31,30,3,0,103.33,4
Sri Lanka vs Netherlands,Sri Lanka,T20I # 1835,Bhanuka Rajapaksa,19,13,2,0,146.15,5
Sri Lanka vs Netherlands,Sri Lanka,T20I # 1835,Dasun Shanaka(c),8,5,0,1,160.00,6
Sri Lanka vs Netherlands,Sri Lanka,T20I # 1835,Wanindu Hasaranga,5,4,0,0,125.00,7
Sri Lanka vs Netherlands,Sri Lanka,T20I # 1835,Chamika Karunaratne,2,2,0,0,100.00,8
Sri Lanka vs U.A.E.,Sri Lanka,T20I # 1832,Pathum Nissanka,74,60,6,2,123.33,1
Sri Lanka vs U.A.E.,Sri Lanka,T20I # 1832,Kusal Mendis,18,13,2,0,138.46,2
Sri Lanka vs U.A.E.,Sri Lanka,T20I # 1832,Dhananjaya de Silva,33,21,3,1,157.14,3
Sri Lanka vs U.A.E.,Sri Lanka,T20I # 1832,Bhanuka Rajapaksa,5,8,0,0,62.50,4
Sri Lanka vs U.A.E.,Sri Lanka,T20I # 1832,Charith Asalanka,0,1,0,0,0.00,5
Sri Lanka vs U.A.E.,Sri Lanka,T20I # 1832,Dasun Shanaka(c),0,1,0,0,0.00,6
Sri Lanka vs U.A.E.,Sri Lanka,T20I # 1832,Wanindu Hasaranga,2,3,0,0,66.66,7
Sri Lanka vs U.A.E.,Sri Lanka,T20I # 1832,Chamika Karunaratne,8,11,1,0,72.72,8
Sri Lanka vs U.A.E.,Sri Lanka,T20I # 1832,Pramod Madushan,1,1,0,0,100.00,9
Sri Lanka vs U.A.E.,Sri Lanka,T20I # 1832,Dushmantha Chameera,1,1,0,0,100.00,10
Sri Lanka vs U.A.E.,United Arab Emirates,T20I # 1832,Muhammad Waseem,2,4,0,0,50.00,1
Sri Lanka vs U.A.E.,United Arab Emirates,T20I # 1832,Chirag Suri,14,19,3,0,73.68,2
Sri Lanka vs U.A.E.,United Arab Emirates,T20I # 1832,Aryan Lakra,1,3,0,0,33.33,3
Sri Lanka vs U.A.E.,United Arab Emirates,T20I # 1832,CP Rizwan(c),1,3,0,0,33.33,4
Sri Lanka vs U.A.E.,United Arab Emirates,T20I # 1832,Vriitya Aravind,9,18,1,0,50.00,5
Sri Lanka vs U.A.E.,United Arab Emirates,T20I # 1832,Basil Hameed,2,6,0,0,33.33,6
Sri Lanka vs U.A.E.,United Arab Emirates,T20I # 1832,Aayan Afzal Khan,19,21,1,0,90.47,7
Sri Lanka vs U.A.E.,United Arab Emirates,T20I # 1832,Kashif Daud,0,4,0,0,0.00,8
Sri Lanka vs U.A.E.,United Arab Emirates,T20I # 1832,Karthik Meiyappan,4,8,0,0,50.00,9
Sri Lanka vs U.A.E.,United Arab Emirates,T20I # 1832,Junaid Siddique,18,16,1,1,112.50,10
Sri Lanka vs U.A.E.,United Arab Emirates,T20I # 1832,Zahoor Khan,1,1,0,0,100.00,11
U.A.E. vs Namibia,Namibia,T20I # 1836,Michael van Lingen,10,8,1,0,125.00,1
U.A.E. vs Namibia,Namibia,T20I # 1836,Stephan Baard,4,6,1,0,66.66,2
U.A.E. vs Namibia,Namibia,T20I # 1836,Jan Nicol Loftie-Eaton,1,6,0,0,16.66,3
U.A.E. vs Namibia,Namibia,T20I # 1836,Gerhard Erasmus(c),16,18,2,0,88.88,4
U.A.E. vs Namibia,Namibia,T20I # 1836,Jan Frylinck,14,17,1,0,82.35,5
U.A.E. vs Namibia,Namibia,T20I # 1836,JJ Smit,3,3,0,0,100.00,6
U.A.E. vs Namibia,Namibia,T20I # 1836,David Wiese,55,36,3,3,152.77,7
U.A.E. vs Namibia,Namibia,T20I # 1836,Zane Green,2,3,0,0,66.66,8
U.A.E. vs Namibia,Namibia,T20I # 1836,Ruben Trumpelmann,25,24,1,1,104.16,9
U.A.E. vs Namibia,Namibia,T20I # 1836,Bernard Scholtz,1,1,0,0,100.00,10
U.A.E. vs Namibia,United Arab Emirates,T20I # 1836,Muhammad Waseem,50,41,1,3,121.95,1
U.A.E. vs Namibia,United Arab Emirates,T20I # 1836,Vriitya Aravind,21,32,2,0,65.62,2
U.A.E. vs Namibia,United Arab Emirates,T20I # 1836,CP Rizwan(c),43,29,3,1,148.27,3
U.A.E. vs Namibia,United Arab Emirates,T20I # 1836,Alishan Sharafu,4,4,0,0,100.00,4
U.A.E. vs Namibia,United Arab Emirates,T20I # 1836,Basil Hameed,25,14,2,2,178.57,5
U.A.E. vs Netherlands,Netherlands,T20I # 1825,Vikramjit Singh,10,7,2,0,142.85,1
U.A.E. vs Netherlands,Netherlands,T20I # 1825,Max O'Dowd,23,18,3,1,127.77,2
U.A.E. vs Netherlands,Netherlands,T20I # 1825,Bas de Leede,14,18,1,0,77.77,3
U.A.E. vs Netherlands,Netherlands,T20I # 1825,Colin Ackermann,17,19,1,0,89.47,4
U.A.E. vs Netherlands,Netherlands,T20I # 1825,Tom Cooper,8,16,0,0,50.00,5
U.A.E. vs Netherlands,Netherlands,T20I # 1825,Scott Edwards(c),16,19,0,0,84.21,6
U.A.E. vs Netherlands,Netherlands,T20I # 1825,Roelof van der Merwe,0,2,0,0,0.00,7
U.A.E. vs Netherlands,Netherlands,T20I # 1825,Tim Pringle,15,16,0,0,93.75,8
U.A.E. vs Netherlands,Netherlands,T20I # 1825,Logan van Beek,4,4,0,0,100.00,9
U.A.E. vs Netherlands,United Arab Emirates,T20I # 1825,Chirag Suri,12,20,1,0,60.00,1
U.A.E. vs Netherlands,United Arab Emirates,T20I # 1825,Muhammad Waseem,41,47,1,2,87.23,2
U.A.E. vs Netherlands,United Arab Emirates,T20I # 1825,Kashif Daud,15,14,0,1,107.14,3
U.A.E. vs Netherlands,United Arab Emirates,T20I # 1825,Vriitya Aravind,18,21,0,0,85.71,4
U.A.E. vs Netherlands,United Arab Emirates,T20I # 1825,Zawar Farid,2,4,0,0,50.00,5
U.A.E. vs Netherlands,United Arab Emirates,T20I # 1825,Basil Hameed,4,4,1,0,100.00,6
U.A.E. vs Netherlands,United Arab Emirates,T20I # 1825,CP Rizwan(c),1,2,0,0,50.00,7
U.A.E. vs Netherlands,United Arab Emirates,T20I # 1825,Aayan Afzal Khan,5,7,0,0,71.42,8
U.A.E. vs Netherlands,United Arab Emirates,T20I # 1825,Karthik Meiyappan,0,0,0,0,-,9
U.A.E. vs Netherlands,United Arab Emirates,T20I # 1825,Junaid Siddique,0,1,0,0,0.00,10
West Indies vs Ireland,Ireland,T20I # 1837,Paul Stirling,66,48,6,2,137.50,1
West Indies vs Ireland,Ireland,T20I # 1837,Andy Balbirnie(c),37,23,3,3,160.86,2
West Indies vs Ireland,Ireland,T20I # 1837,Lorcan Tucker,45,35,2,2,128.57,3
West Indies vs Ireland,West Indies,T20I # 1837,Kyle Mayers,1,5,0,0,20.00,1
West Indies vs Ireland,West Indies,T20I # 1837,Johnson Charles,24,18,3,1,133.33,2
West Indies vs Ireland,West Indies,T20I # 1837,Evin Lewis,13,18,0,0,72.22,3
West Indies vs Ireland,West Indies,T20I # 1837,Brandon King,62,48,6,1,129.16,4
West Indies vs Ireland,West Indies,T20I # 1837,Nicholas Pooran(c),13,11,0,1,118.18,5
West Indies vs Ireland,West Indies,T20I # 1837,Rovman Powell,6,8,1,0,75.00,6
West Indies vs Ireland,West Indies,T20I # 1837,Odean Smith,19,12,1,2,158.33,7
West Indies vs Zimbabwe,West Indies,T20I # 1834,Kyle Mayers,13,12,2,0,108.33,1
West Indies vs Zimbabwe,West Indies,T20I # 1834,Johnson Charles,45,36,3,2,125.00,2
West Indies vs Zimbabwe,West Indies,T20I # 1834,Evin Lewis,15,18,1,0,83.33,3
West Indies vs Zimbabwe,West Indies,T20I # 1834,Nicholas Pooran(c),7,9,0,0,77.77,4
West Indies vs Zimbabwe,West Indies,T20I # 1834,Rovman Powell,28,21,1,2,133.33,5
West Indies vs Zimbabwe,West Indies,T20I # 1834,Shamarh Brooks,0,3,0,0,0.00,6
West Indies vs Zimbabwe,West Indies,T20I # 1834,Jason Holder,4,3,0,0,133.33,7
West Indies vs Zimbabwe,West Indies,T20I # 1834,Akeal Hosein,23,18,2,0,127.77,8
West Indies vs Zimbabwe,West Indies,T20I # 1834,Odean Smith,1,2,0,0,50.00,9
West Indies vs Zimbabwe,Zimbabwe,T20I # 1834,Wessly Madhevere,27,19,3,1,142.10,1
West Indies vs Zimbabwe,Zimbabwe,T20I # 1834,Regis Chakabva(c),13,9,3,0,144.44,2
West Indies vs Zimbabwe,Zimbabwe,T20I # 1834,Tony Munyonga,2,6,0,0,33.33,3
West Indies vs Zimbabwe,Zimbabwe,T20I # 1834,Sean Williams,1,2,0,0,50.00,4
West Indies vs Zimbabwe,Zimbabwe,T20I # 1834,Sikandar Raza,14,8,1,1,175.00,5
West Indies vs Zimbabwe,Zimbabwe,T20I # 1834,Milton Shumba,2,9,0,0,22.22,6
West Indies vs Zimbabwe,Zimbabwe,T20I # 1834,Ryan Burl,17,19,3,0,89.47,7
West Indies vs Zimbabwe,Zimbabwe,T20I # 1834,Luke Jongwe,29,22,3,1,131.81,8
West Indies vs Zimbabwe,Zimbabwe,T20I # 1834,Richard Ngarava,2,6,0,0,33.33,9
West Indies vs Zimbabwe,Zimbabwe,T20I # 1834,Tendai Chatara,3,8,0,0,37.50,10
West Indies vs Zimbabwe,Zimbabwe,T20I # 1834,Blessing Muzarabani,1,4,0,0,25.00,11
Zimbabwe vs Ireland,Ireland,T20I # 1828,Paul Stirling,0,2,0,0,0.00,1
Zimbabwe vs Ireland,Ireland,T20I # 1828,Andy Balbirnie(c),3,4,0,0,75.00,2
Zimbabwe vs Ireland,Ireland,T20I # 1828,Lorcan Tucker,11,11,2,0,100.00,3
Zimbabwe vs Ireland,Ireland,T20I # 1828,Harry Tector,1,4,0,0,25.00,4
Zimbabwe vs Ireland,Ireland,T20I # 1828,Curtis Campher,27,22,1,0,122.72,5
Zimbabwe vs Ireland,Ireland,T20I # 1828,George Dockrell,24,20,3,0,120.00,6
Zimbabwe vs Ireland,Ireland,T20I # 1828,Gareth Delany,24,20,1,1,120.00,7
Zimbabwe vs Ireland,Ireland,T20I # 1828,Mark Adair,9,10,0,1,90.00,8
Zimbabwe vs Ireland,Ireland,T20I # 1828,Simi Singh,0,1,0,0,0.00,9
Zimbabwe vs Ireland,Ireland,T20I # 1828,Barry McCarthy,22,16,1,2,137.50,10
Zimbabwe vs Ireland,Ireland,T20I # 1828,Josh Little,7,11,1,0,63.63,11
Zimbabwe vs Ireland,Zimbabwe,T20I # 1828,Regis Chakabva,0,2,0,0,0.00,1
Zimbabwe vs Ireland,Zimbabwe,T20I # 1828,Craig Ervine(c),9,12,1,0,75.00,2
Zimbabwe vs Ireland,Zimbabwe,T20I # 1828,Wessly Madhevere,22,19,4,0,115.78,3
Zimbabwe vs Ireland,Zimbabwe,T20I # 1828,Sean Williams,12,11,0,1,109.09,4
Zimbabwe vs Ireland,Zimbabwe,T20I # 1828,Sikandar Raza,82,48,5,5,170.83,5
Zimbabwe vs Ireland,Zimbabwe,T20I # 1828,Milton Shumba,16,14,1,0,114.28,6
Zimbabwe vs Ireland,Zimbabwe,T20I # 1828,Ryan Burl,1,4,0,0,25.00,7
Zimbabwe vs Ireland,Zimbabwe,T20I # 1828,Luke Jongwe,20,10,3,0,200.00,8
Zimbabwe vs Netherlands,Netherlands,T20I # 1859,Stephan Myburgh,8,7,0,1,114.28,1
Zimbabwe vs Netherlands,Netherlands,T20I # 1859,Max O'Dowd,52,47,8,1,110.63,2
Zimbabwe vs Netherlands,Netherlands,T20I # 1859,Tom Cooper,32,29,2,1,110.34,3
Zimbabwe vs Netherlands,Netherlands,T20I # 1859,Colin Ackermann,1,5,0,0,20.00,4
Zimbabwe vs Netherlands,Netherlands,T20I # 1859,Bas de Leede,12,12,2,0,100.00,5
Zimbabwe vs Netherlands,Netherlands,T20I # 1859,Scott Edwards(c),5,6,1,0,83.33,6
Zimbabwe vs Netherlands,Netherlands,T20I # 1859,Roelof van der Merwe,0,3,0,0,0.00,7
Zimbabwe vs Netherlands,Zimbabwe,T20I # 1859,Wessly Madhevere,1,5,0,0,20.00,1
Zimbabwe vs Netherlands,Zimbabwe,T20I # 1859,Craig Ervine(c),3,12,0,0,25.00,2
Zimbabwe vs Netherlands,Zimbabwe,T20I # 1859,Regis Chakabva,5,16,1,0,31.25,3
Zimbabwe vs Netherlands,Zimbabwe,T20I # 1859,Sean Williams,28,23,3,0,121.73,4
Zimbabwe vs Netherlands,Zimbabwe,T20I # 1859,Sikandar Raza,40,24,3,3,166.66,5
Zimbabwe vs Netherlands,Zimbabwe,T20I # 1859,Milton Shumba,2,3,0,0,66.66,6
Zimbabwe vs Netherlands,Zimbabwe,T20I # 1859,Ryan Burl,2,7,0,0,28.57,7
Zimbabwe vs Netherlands,Zimbabwe,T20I # 1859,Luke Jongwe,6,8,0,0,75.00,8
Zimbabwe vs Netherlands,Zimbabwe,T20I # 1859,Richard Ngarava,9,7,0,1,128.57,9
Zimbabwe vs Netherlands,Zimbabwe,T20I # 1859,Tendai Chatara,6,7,0,0,85.71,10
Zimbabwe vs Netherlands,Zimbabwe,T20I # 1859,Blessing Muzarabani,1,4,0,0,25.00,11
Zimbabwe vs Pakistan,Pakistan,T20I # 1849,Mohammad Rizwan,14,16,1,1,87.50,1
Zimbabwe vs Pakistan,Pakistan,T20I # 1849,Babar Azam(c),4,9,1,0,44.44,2
Zimbabwe vs Pakistan,Pakistan,T20I # 1849,Shan Masood,44,38,3,0,115.78,3
Zimbabwe vs Pakistan,Pakistan,T20I # 1849,Iftikhar Ahmed,5,10,1,0,50.00,4
Zimbabwe vs Pakistan,Pakistan,T20I # 1849,Shadab Khan,17,14,0,1,121.42,5
Zimbabwe vs Pakistan,Pakistan,T20I # 1849,Haider Ali,0,1,0,0,0.00,6
Zimbabwe vs Pakistan,Pakistan,T20I # 1849,Mohammad Nawaz,22,18,1,1,122.22,7
Zimbabwe vs Pakistan,Pakistan,T20I # 1849,Mohammad Wasim,12,13,2,0,92.30,8
Zimbabwe vs Pakistan,Pakistan,T20I # 1849,Shaheen Shah Afridi,1,1,0,0,100.00,9
Zimbabwe vs Pakistan,Zimbabwe,T20I # 1849,Wessly Madhevere,17,13,3,0,130.76,1
Zimbabwe vs Pakistan,Zimbabwe,T20I # 1849,Craig Ervine(c),19,19,2,0,100.00,2
Zimbabwe vs Pakistan,Zimbabwe,T20I # 1849,Milton Shumba,8,10,1,0,80.00,3
Zimbabwe vs Pakistan,Zimbabwe,T20I # 1849,Sean Williams,31,28,3,0,110.71,4
Zimbabwe vs Pakistan,Zimbabwe,T20I # 1849,Sikandar Raza,9,16,1,0,56.25,5
Zimbabwe vs Pakistan,Zimbabwe,T20I # 1849,Regis Chakabva,0,1,0,0,0.00,6
Zimbabwe vs Pakistan,Zimbabwe,T20I # 1849,Ryan Burl,10,15,0,0,66.66,7
Zimbabwe vs Pakistan,Zimbabwe,T20I # 1849,Luke Jongwe,0,1,0,0,0.00,8
Zimbabwe vs Pakistan,Zimbabwe,T20I # 1849,Brad Evans,19,15,0,1,126.66,9
Zimbabwe vs Pakistan,Zimbabwe,T20I # 1849,Richard Ngarava,3,2,0,0,150.00,10
Zimbabwe vs South Africa,South Africa,T20I # 1844,Quinton de Kock,47,18,8,1,261.11,1
Zimbabwe vs South Africa,South Africa,T20I # 1844,Temba Bavuma(c),2,2,0,0,100.00,2
Zimbabwe vs South Africa,Zimbabwe,T20I # 1844,Regis Chakabva,8,8,0,1,100.00,1
Zimbabwe vs South Africa,Zimbabwe,T20I # 1844,Craig Ervine(c),2,6,0,0,33.33,2
Zimbabwe vs South Africa,Zimbabwe,T20I # 1844,Sean Williams,1,1,0,0,100.00,3
Zimbabwe vs South Africa,Zimbabwe,T20I # 1844,Sikandar Raza,0,2,0,0,0.00,4
Zimbabwe vs South Africa,Zimbabwe,T20I # 1844,Wessly Madhevere,35,18,4,1,194.44,5
Zimbabwe vs South Africa,Zimbabwe,T20I # 1844,Milton Shumba,18,20,2,0,90.00,6
